Dates;Last Price
3/01/2005;1571.57
4/01/2005;1520.33
5/01/2005;1502.45
6/01/2005;1495.05
7/01/2005;1500.5
10/01/2005;1497.32
11/01/2005;1475.91
12/01/2005;1491.04
13/01/2005;1501.55
14/01/2005;1527.69
17/01/2005;1531.15
18/01/2005;1513.67
19/01/2005;1513.81
20/01/2005;1479.73
21/01/2005;1491.61
24/01/2005;1498.17
25/01/2005;1503.68
26/01/2005;1531.42
27/01/2005;1520.69
28/01/2005;1524.28
31/01/2005;1554.48
1/02/2005;1570.89
2/02/2005;1582.1
3/02/2005;1599.75
4/02/2005;1622.63
7/02/2005;1638.64
8/02/2005;1643.37
9/02/2005;1654.08
10/02/2005;1650.67
11/02/2005;1666.86
14/02/2005;1676.29
15/02/2005;1683.35
16/02/2005;1681.16
17/02/2005;1690.64
18/02/2005;1684.61
21/02/2005;1689.31
22/02/2005;1682.8
23/02/2005;1700.14
24/02/2005;1734.79
25/02/2005;1761.63
28/02/2005;1750.06
1/03/2005;1730.51
2/03/2005;1731.73
3/03/2005;1743.21
4/03/2005;1779.81
7/03/2005;1781.06
8/03/2005;1763.1
9/03/2005;1733.48
10/03/2005;1703.12
11/03/2005;1701.14
14/03/2005;1658.67
15/03/2005;1639.32
16/03/2005;1636.09
17/03/2005;1666.84
18/03/2005;1650.5
21/03/2005;1632.5
22/03/2005;1615.26
23/03/2005;1576.45
24/03/2005;1597.23
28/03/2005;1586.71
29/03/2005;1569.4
30/03/2005;1598.09
31/03/2005;1611.45
1/04/2005;1620.45
4/04/2005;1605.42
5/04/2005;1594
6/04/2005;1595.2
7/04/2005;1623.84
8/04/2005;1620.88
11/04/2005;1619.44
12/04/2005;1629.85
13/04/2005;1619.16
14/04/2005;1570.76
15/04/2005;1532.15
18/04/2005;1532.44
19/04/2005;1578.11
20/04/2005;1550.58
21/04/2005;1578.91
22/04/2005;1561.65
25/04/2005;1602.82
26/04/2005;1610.87
27/04/2005;1595
28/04/2005;1543.64
29/04/2005;1571.05
2/05/2005;1585.42
3/05/2005;1587.87
4/05/2005;1643.98
5/05/2005;1642.55
6/05/2005;1645.67
9/05/2005;1650.69
10/05/2005;1612.73
11/05/2005;1617.97
12/05/2005;1588.29
13/05/2005;1574.72
16/05/2005;1594.6
17/05/2005;1600.57
18/05/2005;1644.48
19/05/2005;1651.33
20/05/2005;1648.04
23/05/2005;1652.34
24/05/2005;1661.01
25/05/2005;1663.98
26/05/2005;1681.27
27/05/2005;1696.65
30/05/2005;1699.88
31/05/2005;1680.26
1/06/2005;1705.13
2/06/2005;1743.09
3/06/2005;1730.8
6/06/2005;1708.75
7/06/2005;1690.56
8/06/2005;1686
9/06/2005;1681.43
10/06/2005;1697.93
13/06/2005;1709.47
14/06/2005;1735.36
15/06/2005;1750.2
16/06/2005;1778.03
17/06/2005;1793.87
20/06/2005;1798.65
21/06/2005;1788.56
22/06/2005;1780.89
23/06/2005;1746.33
24/06/2005;1741.59
27/06/2005;1772.58
28/06/2005;1785.71
29/06/2005;1793.07
30/06/2005;1790.74
1/07/2005;1793.93
4/07/2005;1791.6
5/07/2005;1784.56
6/07/2005;1783.78
7/07/2005;1791.85
8/07/2005;1805.88
11/07/2005;1824.34
12/07/2005;1843.01
13/07/2005;1847.6
14/07/2005;1853.48
15/07/2005;1830.67
18/07/2005;1836.97
19/07/2005;1853.91
20/07/2005;1875.83
21/07/2005;1876.67
22/07/2005;1865.09
25/07/2005;1801.46
26/07/2005;1820.15
27/07/2005;1846.02
28/07/2005;1884.58
29/07/2005;1890.3
1/08/2005;1923.36
2/08/2005;1960.82
3/08/2005;1965.81
4/08/2005;1958.93
5/08/2005;1947.37
8/08/2005;1959.98
9/08/2005;2001.73
10/08/2005;2016.78
11/08/2005;1990.06
12/08/2005;1977.55
15/08/2005;2012.63
16/08/2005;1975.99
17/08/2005;1976.06
18/08/2005;1949.04
19/08/2005;1924.24
22/08/2005;1973.64
23/08/2005;1943.24
24/08/2005;1921.1
25/08/2005;1962.56
26/08/2005;1937.71
29/08/2005;1956.84
30/08/2005;1952.94
31/08/2005;2000.74
1/09/2005;2024.35
2/09/2005;2057.83
5/09/2005;2059.77
6/09/2005;2106.34
7/09/2005;2109.36
8/09/2005;2099.24
9/09/2005;2133.6
12/09/2005;2125.5
13/09/2005;2091.91
14/09/2005;2112.07
15/09/2005;2145.57
16/09/2005;2162.61
19/09/2005;2184.09
20/09/2005;2183.63
21/09/2005;2240.98
22/09/2005;2231.28
23/09/2005;2248.29
26/09/2005;2259.89
27/09/2005;2243.68
28/09/2005;2278.56
29/09/2005;2298.07
30/09/2005;2311.65
3/10/2005;2336.51
4/10/2005;2286.44
5/10/2005;2218.66
6/10/2005;2131.46
7/10/2005;2199.45
10/10/2005;2198.96
11/10/2005;2222.32
12/10/2005;2147.89
13/10/2005;2127.08
14/10/2005;2128.71
17/10/2005;2172.36
18/10/2005;2125.37
19/10/2005;2143.67
20/10/2005;2064.01
21/10/2005;2097.01
24/10/2005;2157.97
25/10/2005;2139.49
26/10/2005;2161.19
27/10/2005;2114.44
28/10/2005;2160.53
31/10/2005;2213.65
1/11/2005;2253.9
2/11/2005;2267.09
3/11/2005;2271.27
4/11/2005;2267.71
7/11/2005;2271.31
8/11/2005;2281.43
9/11/2005;2281.49
10/11/2005;2284.85
11/11/2005;2284.6
14/11/2005;2277.93
15/11/2005;2275.35
16/11/2005;2306.68
17/11/2005;2347.34
18/11/2005;2325.69
21/11/2005;2346.99
22/11/2005;2370.22
23/11/2005;2376.72
24/11/2005;2376.09
25/11/2005;2391.09
28/11/2005;2374.96
29/11/2005;2370.32
30/11/2005;2376.93
1/12/2005;2440.42
2/12/2005;2458.41
5/12/2005;2467.32
6/12/2005;2509.76
7/12/2005;2450.3
8/12/2005;2413.77
9/12/2005;2423.55
12/12/2005;2425.72
13/12/2005;2442.76
14/12/2005;2437.05
15/12/2005;2411.29
16/12/2005;2392.08
19/12/2005;2345.93
20/12/2005;2373.82
21/12/2005;2414.52
22/12/2005;2403.22
23/12/2005;2405.23
26/12/2005;2401.26
27/12/2005;2377.09
28/12/2005;2362.67
29/12/2005;2400.5
30/12/2005;2389.73
2/01/2006;2397.08
3/01/2006;2486.82
4/01/2006;2536.54
5/01/2006;2530
6/01/2006;2564.44
9/01/2006;2594.66
10/01/2006;2570.59
11/01/2006;2619.09
12/01/2006;2612.24
13/01/2006;2614.59
16/01/2006;2619.15
17/01/2006;2573.86
18/01/2006;2547.68
19/01/2006;2625.33
20/01/2006;2602.71
23/01/2006;2634.44
24/01/2006;2696.72
25/01/2006;2689.47
26/01/2006;2768.21
27/01/2006;2754.21
30/01/2006;2771.2
31/01/2006;2796
1/02/2006;2784.35
2/02/2006;2719.75
3/02/2006;2697.55
6/02/2006;2735.53
7/02/2006;2661.57
8/02/2006;2665.6
9/02/2006;2681.35
10/02/2006;2671.15
13/02/2006;2622.74
14/02/2006;2658.48
15/02/2006;2686.43
16/02/2006;2775.16
17/02/2006;2776.33
20/02/2006;2781.82
21/02/2006;2760.85
22/02/2006;2790.6
23/02/2006;2807.38
24/02/2006;2821.89
27/02/2006;2804.89
28/02/2006;2774.05
1/03/2006;2851.86
2/03/2006;2851.04
3/03/2006;2853.1
6/03/2006;2777.18
7/03/2006;2688.41
8/03/2006;2661.36
9/03/2006;2620.89
10/03/2006;2663.78
13/03/2006;2683.58
14/03/2006;2744.61
15/03/2006;2799.01
16/03/2006;2810.09
17/03/2006;2800.03
20/03/2006;2795.74
21/03/2006;2747.05
22/03/2006;2761.86
23/03/2006;2729.67
24/03/2006;2752.83
27/03/2006;2727.15
28/03/2006;2648.78
29/03/2006;2702.56
30/03/2006;2728.21
31/03/2006;2742.68
3/04/2006;2806.49
4/04/2006;2813.98
5/04/2006;2835.88
6/04/2006;2843.38
7/04/2006;2787.63
10/04/2006;2774.69
11/04/2006;2754.08
12/04/2006;2760.51
13/04/2006;2745.83
14/04/2006;2742.16
17/04/2006;2781
18/04/2006;2860.39
19/04/2006;2886.66
20/04/2006;2871.97
21/04/2006;2920.69
24/04/2006;2903.05
25/04/2006;2890.64
26/04/2006;2920.98
27/04/2006;2881.82
28/04/2006;2932.75
1/05/2006;2944.6
2/05/2006;3017.47
3/05/2006;3000.71
4/05/2006;3009.85
5/05/2006;3053.49
8/05/2006;3084.19
9/05/2006;3123.66
10/05/2006;3105.32
11/05/2006;3017.86
12/05/2006;2923.71
15/05/2006;2829.43
16/05/2006;2860.57
17/05/2006;2732.43
18/05/2006;2703.71
19/05/2006;2687.41
22/05/2006;2549.26
23/05/2006;2523.02
24/05/2006;2462.4
25/05/2006;2593.92
26/05/2006;2673.59
29/05/2006;2658.66
30/05/2006;2521.38
31/05/2006;2527.61
1/06/2006;2614.01
2/06/2006;2625.36
5/06/2006;2542.74
6/06/2006;2513.51
7/06/2006;2434.35
8/06/2006;2412.92
9/06/2006;2377.33
12/06/2006;2265.53
13/06/2006;2191.66
14/06/2006;2242.58
15/06/2006;2399.19
16/06/2006;2390.22
19/06/2006;2324.08
20/06/2006;2352.47
21/06/2006;2444.11
22/06/2006;2435.5
23/06/2006;2452.39
26/06/2006;2456.26
27/06/2006;2407.77
28/06/2006;2448.68
29/06/2006;2593.21
30/06/2006;2628.68
3/07/2006;2734.37
4/07/2006;2747.69
5/07/2006;2620.97
6/07/2006;2682.86
7/07/2006;2637.36
10/07/2006;2634.14
11/07/2006;2655.39
12/07/2006;2607.52
13/07/2006;2521.73
14/07/2006;2507.79
17/07/2006;2477.26
18/07/2006;2517.46
19/07/2006;2658.84
20/07/2006;2590.36
21/07/2006;2558.75
24/07/2006;2647.77
25/07/2006;2674.05
26/07/2006;2657.69
27/07/2006;2666.75
28/07/2006;2720.98
31/07/2006;2694.69
1/08/2006;2659.05
2/08/2006;2707.15
3/08/2006;2717.96
4/08/2006;2739.95
7/08/2006;2728.27
8/08/2006;2711.32
9/08/2006;2685.16
10/08/2006;2702.51
11/08/2006;2690.06
14/08/2006;2657.22
15/08/2006;2719.15
16/08/2006;2759.47
17/08/2006;2761.13
18/08/2006;2761.29
21/08/2006;2742.95
22/08/2006;2728.95
23/08/2006;2645.56
24/08/2006;2653.85
25/08/2006;2661.77
28/08/2006;2706.54
29/08/2006;2716.58
30/08/2006;2722.68
31/08/2006;2696.77
1/09/2006;2763.4
4/09/2006;2776.93
5/09/2006;2776.93
6/09/2006;2697.5
7/09/2006;2673.75
8/09/2006;2665.91
11/09/2006;2608.06
12/09/2006;2660.87
13/09/2006;2707.81
14/09/2006;2688.67
15/09/2006;2701.86
18/09/2006;2748.33
19/09/2006;2706.18
20/09/2006;2688.85
21/09/2006;2629.54
22/09/2006;2614.97
25/09/2006;2627.68
26/09/2006;2678.83
27/09/2006;2700.38
28/09/2006;2732.23
29/09/2006;2740.27
2/10/2006;2748.38
3/10/2006;2697.06
4/10/2006;2786.99
5/10/2006;2826.94
6/10/2006;2814.28
9/10/2006;2834.66
10/10/2006;2866.85
11/10/2006;2853.93
12/10/2006;2917.69
13/10/2006;2932.58
16/10/2006;2956.16
17/10/2006;2919.07
18/10/2006;2927.13
19/10/2006;2947.66
20/10/2006;2929.11
23/10/2006;2949.57
24/10/2006;2976.06
25/10/2006;3009.13
26/10/2006;3009.35
27/10/2006;2957.48
30/10/2006;2897.48
31/10/2006;2953.11
1/11/2006;2952.52
2/11/2006;2945.96
3/11/2006;2972.69
6/11/2006;3033.56
7/11/2006;3025.82
8/11/2006;3050.68
9/11/2006;3037
10/11/2006;3026.19
13/11/2006;3012.68
14/11/2006;3065.22
15/11/2006;3080.07
16/11/2006;3048.86
17/11/2006;3034
20/11/2006;3032.6
21/11/2006;3081.83
22/11/2006;3100.13
23/11/2006;3100.12
24/11/2006;3088.45
27/11/2006;3014.66
28/11/2006;3031.43
29/11/2006;3095.73
30/11/2006;3108.4
1/12/2006;3086.74
4/12/2006;3140.71
5/12/2006;3193.32
6/12/2006;3203.52
7/12/2006;3196.4
8/12/2006;3213.14
11/12/2006;3219.27
12/12/2006;3197.28
13/12/2006;3209.08
14/12/2006;3260.94
15/12/2006;3266.3
18/12/2006;3237.92
19/12/2006;3236.51
20/12/2006;3224.89
21/12/2006;3229.24
22/12/2006;3219.97
25/12/2006;3218.33
26/12/2006;3237.29
27/12/2006;3308.06
28/12/2006;3306.69
29/12/2006;3319.11
2/01/2007;3336.84
3/01/2007;3311.13
4/01/2007;3285.93
5/01/2007;3200.33
8/01/2007;3233.56
9/01/2007;3157.56
10/01/2007;3176.23
11/01/2007;3213.5
12/01/2007;3256.25
15/01/2007;3263.03
16/01/2007;3243.14
17/01/2007;3251.06
18/01/2007;3221.14
19/01/2007;3277.81
22/01/2007;3285.18
23/01/2007;3360.53
24/01/2007;3408.97
25/01/2007;3325.54
26/01/2007;3343.51
29/01/2007;3286.23
30/01/2007;3326.99
31/01/2007;3398.88
1/02/2007;3431.62
2/02/2007;3437.2
5/02/2007;3454.6
6/02/2007;3477.3
7/02/2007;3458.78
8/02/2007;3464.89
9/02/2007;3419.78
12/02/2007;3398.52
13/02/2007;3473.95
14/02/2007;3539.61
15/02/2007;3530.25
16/02/2007;3526.91
19/02/2007;3531.24
20/02/2007;3519.1
21/02/2007;3522.94
22/02/2007;3530.41
23/02/2007;3489.98
26/02/2007;3475.59
27/02/2007;3203.08
28/02/2007;3263.19
1/03/2007;3238.96
2/03/2007;3167.87
5/03/2007;3098.31
6/03/2007;3236.57
7/03/2007;3210.47
8/03/2007;3272.32
9/03/2007;3320.48
12/03/2007;3348.32
13/03/2007;3230.42
14/03/2007;3268.6
15/03/2007;3287.41
16/03/2007;3265.58
19/03/2007;3327.38
20/03/2007;3366.14
21/03/2007;3481.26
22/03/2007;3467.46
23/03/2007;3470.35
26/03/2007;3475.95
27/03/2007;3436.51
28/03/2007;3394.91
29/03/2007;3484.35
30/03/2007;3470.55
2/04/2007;3509.96
3/04/2007;3564.16
4/04/2007;3587.95
5/04/2007;3600.29
6/04/2007;3602.31
9/04/2007;3631.63
10/04/2007;3650.85
11/04/2007;3619.4
12/04/2007;3651.81
13/04/2007;3687.71
16/04/2007;3727.68
17/04/2007;3720.86
18/04/2007;3711.33
19/04/2007;3712.4
20/04/2007;3761.16
23/04/2007;3733.07
24/04/2007;3715.22
25/04/2007;3755.54
26/04/2007;3729.6
27/04/2007;3718.22
30/04/2007;3659.74
1/05/2007;3662.5
2/05/2007;3728.73
3/05/2007;3797.28
4/05/2007;3828.89
7/05/2007;3820.24
8/05/2007;3800.15
9/05/2007;3901.12
10/05/2007;3798.23
11/05/2007;3866.95
14/05/2007;3824.49
15/05/2007;3845.91
16/05/2007;3971.33
17/05/2007;3968.14
18/05/2007;4018.76
21/05/2007;4050.6
22/05/2007;4013.97
23/05/2007;3998.92
24/05/2007;3884.04
25/05/2007;3976.3
28/05/2007;3986.71
29/05/2007;3978.82
30/05/2007;4063.35
31/05/2007;4079.42
1/06/2007;4197.71
4/06/2007;4181.29
5/06/2007;4148.19
6/06/2007;4047.24
7/06/2007;3929.89
8/06/2007;4022.28
11/06/2007;4075.58
12/06/2007;3999.09
13/06/2007;4088.62
14/06/2007;4163.87
15/06/2007;4251.28
18/06/2007;4264.33
19/06/2007;4244.01
20/06/2007;4149.97
21/06/2007;4212.84
22/06/2007;4153.32
25/06/2007;4097.68
26/06/2007;4049.75
27/06/2007;4091.88
28/06/2007;4116.35
29/06/2007;4124.51
2/07/2007;4210.87
3/07/2007;4261.92
4/07/2007;4259.4
5/07/2007;4285.06
6/07/2007;4319.16
9/07/2007;4324
10/07/2007;4254.88
11/07/2007;4328.28
12/07/2007;4456.19
13/07/2007;4472.29
16/07/2007;4425.8
17/07/2007;4432.43
18/07/2007;4446.95
19/07/2007;4485
20/07/2007;4415.76
23/07/2007;4512.25
24/07/2007;4331.54
25/07/2007;4305.44
26/07/2007;4085.11
27/07/2007;4074.63
30/07/2007;4192.54
31/07/2007;4162.46
1/08/2007;4135.47
2/08/2007;4182
3/08/2007;4018.47
6/08/2007;4040.41
7/08/2007;4083.82
8/08/2007;4196.48
9/08/2007;4028.47
10/08/2007;3959.07
13/08/2007;3946.19
14/08/2007;3792.02
15/08/2007;3605.09
16/08/2007;3497.78
17/08/2007;3663.36
20/08/2007;3663.42
21/08/2007;3682.7
22/08/2007;3864.19
23/08/2007;3892.3
24/08/2007;4020.64
27/08/2007;4016.11
28/08/2007;3814.59
29/08/2007;3964.21
30/08/2007;3963.56
31/08/2007;4095.35
3/09/2007;4116.24
4/09/2007;4175.63
5/09/2007;4100.59
6/09/2007;4152.28
7/09/2007;4037.71
10/09/2007;4000.24
11/09/2007;4102.21
12/09/2007;4107.36
13/09/2007;4217.28
14/09/2007;4170.92
17/09/2007;4103.68
18/09/2007;4360.88
19/09/2007;4379.91
20/09/2007;4358.89
21/09/2007;4419.42
24/09/2007;4482.9
25/09/2007;4496.84
26/09/2007;4579.86
27/09/2007;4676.13
28/09/2007;4654.14
1/10/2007;4848.36
2/10/2007;4857.79
3/10/2007;4658.99
4/10/2007;4681.29
5/10/2007;4864.72
8/10/2007;4871.8
9/10/2007;4960.36
10/10/2007;4948.92
11/10/2007;4907.08
12/10/2007;5017.21
15/10/2007;4958.09
16/10/2007;4861.4
17/10/2007;4945.46
18/10/2007;5027.11
19/10/2007;4779.84
22/10/2007;4789.63
23/10/2007;4919.07
24/10/2007;4871.36
25/10/2007;4907.41
26/10/2007;5084.4
29/10/2007;5170.6
30/10/2007;5088.54
31/10/2007;5160.01
1/11/2007;5005.57
2/11/2007;5006.61
5/11/2007;4909.76
6/11/2007;5046
7/11/2007;4851.72
8/11/2007;5008.12
9/11/2007;4861.26
12/11/2007;4555.82
13/11/2007;4888.3
14/11/2007;4913.97
15/11/2007;4799.67
16/11/2007;4934.81
19/11/2007;4764.01
20/11/2007;4770.9
21/11/2007;4582.06
22/11/2007;4582.81
23/11/2007;4614.1
26/11/2007;4407.06
27/11/2007;4488.79
28/11/2007;4791.58
29/11/2007;4797.08
30/11/2007;4851.9
3/12/2007;4884.63
4/12/2007;4841.1
5/12/2007;5015.25
6/12/2007;5137.66
7/12/2007;5148.19
10/12/2007;5127.83
11/12/2007;4938.73
12/12/2007;5026.75
13/12/2007;4910.01
14/12/2007;4822.1
17/12/2007;4585.6
18/12/2007;4695.01
19/12/2007;4717.66
20/12/2007;4788.94
21/12/2007;4867.38
24/12/2007;4966.22
25/12/2007;4958.88
26/12/2007;5005.04
27/12/2007;4913.19
28/12/2007;4909.01
31/12/2007;4878.36
2/01/2008;4816.56
3/01/2008;4830.51
4/01/2008;4685.67
7/01/2008;4657.2
8/01/2008;4674.4
9/01/2008;4762.13
10/01/2008;4867.67
11/01/2008;4768.51
14/01/2008;4788.83
15/01/2008;4589.34
16/01/2008;4394.25
17/01/2008;4248.53
18/01/2008;4309.4
21/01/2008;4199.71
22/01/2008;4244.93
23/01/2008;4285.06
24/01/2008;4449.67
25/01/2008;4384.94
28/01/2008;4499.83
29/01/2008;4570.26
30/01/2008;4580.15
31/01/2008;4669.96
1/02/2008;4765.82
4/02/2008;4762.02
5/02/2008;4492.92
6/02/2008;4491.8
7/02/2008;4551.29
8/02/2008;4554.95
11/02/2008;4700.08
12/02/2008;4748.65
13/02/2008;4857.04
14/02/2008;4791.34
15/02/2008;4763.45
18/02/2008;4792.47
19/02/2008;4872.42
20/02/2008;4986.31
21/02/2008;4972.22
22/02/2008;5044.74
25/02/2008;5103.94
26/02/2008;5179.85
27/02/2008;5254.18
28/02/2008;5252.91
29/02/2008;5017.03
3/03/2008;5074.16
4/03/2008;4967.03
5/03/2008;5090.29
6/03/2008;4913.5
7/03/2008;4826.56
10/03/2008;4704.28
11/03/2008;4969.21
12/03/2008;4965.74
13/03/2008;4990.75
14/03/2008;4874.29
17/03/2008;4755.68
18/03/2008;4947.67
19/03/2008;4648.09
20/03/2008;4634.23
21/03/2008;4633.13
24/03/2008;4716.96
25/03/2008;4848.98
26/03/2008;4897.36
27/03/2008;4846.9
28/03/2008;4823.45
31/03/2008;4897.62
1/04/2008;5006.41
2/04/2008;5088.11
3/04/2008;5145.66
4/04/2008;5170.79
7/04/2008;5191.31
8/04/2008;5215.08
9/04/2008;5155.69
10/04/2008;5183.88
11/04/2008;5089.56
14/04/2008;5099.31
15/04/2008;5153.67
16/04/2008;5307.88
17/04/2008;5343.93
18/04/2008;5348.65
21/04/2008;5447.43
22/04/2008;5425.77
23/04/2008;5393.35
24/04/2008;5291.95
25/04/2008;5241.79
28/04/2008;5228.01
29/04/2008;5069.04
30/04/2008;5303.78
1/05/2008;5303.78
2/05/2008;5447.58
5/05/2008;5482.07
6/05/2008;5519.73
7/05/2008;5358.97
8/05/2008;5391
9/05/2008;5398.57
12/05/2008;5491.34
13/05/2008;5523.86
14/05/2008;5513.24
15/05/2008;5627.8
16/05/2008;5748.34
19/05/2008;5787.04
20/05/2008;5790.04
21/05/2008;5707.57
22/05/2008;5664.68
23/05/2008;5653.61
26/05/2008;5657.25
27/05/2008;5587.01
28/05/2008;5742.52
29/05/2008;5680.71
30/05/2008;5723.36
2/06/2008;5681.25
3/06/2008;5550.67
4/06/2008;5440.79
5/06/2008;5646.56
6/06/2008;5481.22
9/06/2008;5466.92
10/06/2008;5309.88
11/06/2008;5223.92
12/06/2008;5279.67
13/06/2008;5294.25
16/06/2008;5297.66
17/06/2008;5379.79
18/06/2008;5312.16
19/06/2008;5292.78
20/06/2008;5163.78
23/06/2008;5167.46
24/06/2008;5164.54
25/06/2008;5298.2
26/06/2008;5165.24
27/06/2008;5182.2
30/06/2008;5222.53
1/07/2008;5116.6
2/07/2008;4920.68
3/07/2008;4882.55
4/07/2008;4870.63
7/07/2008;4853.38
8/07/2008;4844.89
9/07/2008;4738.44
10/07/2008;4833.51
11/07/2008;4816.26
14/07/2008;4858.82
15/07/2008;4816.68
16/07/2008;4887.65
17/07/2008;4804.01
18/07/2008;4825.56
21/07/2008;4899.81
22/07/2008;4811.79
23/07/2008;4759.61
24/07/2008;4600.43
25/07/2008;4604.33
28/07/2008;4588.5
29/07/2008;4684.3
30/07/2008;4868.99
31/07/2008;4805.8
1/08/2008;4676.86
4/08/2008;4507.29
5/08/2008;4551.56
6/08/2008;4639.63
7/08/2008;4564.61
8/08/2008;4485.08
11/08/2008;4348.16
12/08/2008;4314.93
13/08/2008;4399.7
14/08/2008;4422.45
15/08/2008;4349.18
18/08/2008;4269.8
19/08/2008;4329.14
20/08/2008;4462.26
21/08/2008;4517.72
22/08/2008;4474.85
25/08/2008;4378.11
26/08/2008;4356.16
27/08/2008;4470.87
28/08/2008;4490.1
29/08/2008;4454.43
1/09/2008;4447.41
2/09/2008;4313.95
3/09/2008;4260.15
4/09/2008;4076.93
5/09/2008;4051.76
8/09/2008;4031.35
9/09/2008;3783.47
10/09/2008;3834.79
11/09/2008;3895.12
12/09/2008;4038.92
15/09/2008;3695.07
16/09/2008;3743.81
17/09/2008;3468.37
18/09/2008;3613.85
19/09/2008;4018.51
22/09/2008;3966.39
23/09/2008;3760.65
24/09/2008;3765.03
25/09/2008;3956.2
26/09/2008;3849.76
29/09/2008;3348.67
30/09/2008;3715.38
1/10/2008;3652.85
2/10/2008;3264.34
3/10/2008;3124.11
6/10/2008;2859.22
7/10/2008;2583.2
8/10/2008;2511.29
9/10/2008;2385.21
10/10/2008;2307.35
13/10/2008;2861.69
14/10/2008;2841.76
15/10/2008;2370.67
16/10/2008;2453.52
17/10/2008;2507.32
20/10/2008;2674.81
21/10/2008;2493.6
22/10/2008;2142.06
23/10/2008;2162.74
24/10/2008;1978.41
27/10/2008;1929.14
28/10/2008;2232.8
29/10/2008;2323.01
30/10/2008;2527.61
31/10/2008;2468.29
3/11/2008;2543.62
4/11/2008;2778.76
5/11/2008;2485.86
6/11/2008;2348.31
7/11/2008;2487.2
10/11/2008;2501.1
11/11/2008;2403.22
12/11/2008;2200.83
13/11/2008;2450.89
14/11/2008;2289.98
17/11/2008;2256.34
18/11/2008;2225.26
19/11/2008;2034.25
20/11/2008;1865.03
21/11/2008;1994.79
24/11/2008;2180.98
25/11/2008;2197.65
26/11/2008;2371.22
27/11/2008;2372.4
28/11/2008;2315.68
1/12/2008;2098.46
2/12/2008;2168.24
3/12/2008;2134.98
4/12/2008;2070.37
5/12/2008;2132.35
8/12/2008;2266.45
9/12/2008;2270.44
10/12/2008;2394.49
11/12/2008;2388.55
12/12/2008;2393.39
15/12/2008;2373.73
16/12/2008;2579.19
17/12/2008;2513.52
18/12/2008;2443.96
19/12/2008;2429.14
22/12/2008;2339.71
23/12/2008;2311.43
24/12/2008;2323.3
25/12/2008;2323.29
26/12/2008;2340.34
29/12/2008;2291.97
30/12/2008;2362.96
31/12/2008;2398.26
2/01/2009;2533.99
5/01/2009;2635.88
6/01/2009;2734.14
7/01/2009;2570.19
8/01/2009;2583.5
9/01/2009;2572.99
12/01/2009;2439.83
13/01/2009;2450.97
14/01/2009;2296.77
15/01/2009;2365.39
16/01/2009;2389.2
19/01/2009;2390.12
20/01/2009;2222.51
21/01/2009;2360.91
22/01/2009;2294.76
23/01/2009;2322.77
26/01/2009;2327.22
27/01/2009;2354.02
28/01/2009;2488.88
29/01/2009;2404.36
30/01/2009;2372.21
2/02/2009;2353.86
3/02/2009;2411.17
4/02/2009;2446.13
5/02/2009;2523.08
6/02/2009;2667.59
9/02/2009;2646.75
10/02/2009;2518.4
11/02/2009;2526.31
12/02/2009;2534.6
13/02/2009;2562.84
16/02/2009;2564.83
17/02/2009;2396.66
18/02/2009;2375.99
19/02/2009;2357.66
20/02/2009;2269.71
23/02/2009;2119.6
24/02/2009;2244.88
25/02/2009;2222.11
26/02/2009;2243.3
27/02/2009;2206.64
2/03/2009;2051.24
3/03/2009;2080.05
4/03/2009;2218.59
5/03/2009;2140.02
6/03/2009;2147.03
9/03/2009;2102.01
10/03/2009;2251.36
11/03/2009;2260.88
12/03/2009;2350.58
13/03/2009;2359.8
16/03/2009;2363.66
17/03/2009;2409.66
18/03/2009;2461.97
19/03/2009;2452.14
20/03/2009;2427.74
23/03/2009;2596.33
24/03/2009;2523.6
25/03/2009;2560.87
26/03/2009;2597.26
27/03/2009;2501.34
30/03/2009;2389.45
31/03/2009;2401.94
1/04/2009;2502.72
2/04/2009;2649.32
3/04/2009;2711.01
6/04/2009;2668.33
7/04/2009;2638.09
8/04/2009;2665.68
9/04/2009;2766.78
10/04/2009;2763.77
13/04/2009;2821.33
14/04/2009;2743.82
15/04/2009;2758.56
16/04/2009;2804.34
17/04/2009;2776.01
20/04/2009;2630.93
21/04/2009;2693.94
22/04/2009;2680.99
23/04/2009;2737.63
24/04/2009;2804.4
27/04/2009;2669.59
28/04/2009;2699.16
29/04/2009;2839
30/04/2009;2801.79
1/05/2009;2870.25
4/05/2009;3070.14
5/05/2009;3079.62
6/05/2009;3155.84
7/05/2009;3074.32
8/05/2009;3179.89
11/05/2009;3149.08
12/05/2009;3116.44
13/05/2009;2972.31
14/05/2009;3044.23
15/05/2009;3003.28
18/05/2009;3185.42
19/05/2009;3222.67
20/05/2009;3235.03
21/05/2009;3181.79
22/05/2009;3215.87
25/05/2009;3221
26/05/2009;3304.97
27/05/2009;3272.47
28/05/2009;3360.35
29/05/2009;3374.6
1/06/2009;3510.44
2/06/2009;3488.92
3/06/2009;3333.53
4/06/2009;3414.84
5/06/2009;3397.12
8/06/2009;3375.33
9/06/2009;3386.19
10/06/2009;3403.66
11/06/2009;3479.43
12/06/2009;3460.59
15/06/2009;3341.92
16/06/2009;3271.23
17/06/2009;3233.39
18/06/2009;3237.57
19/06/2009;3262.06
22/06/2009;3093.59
23/06/2009;3141.51
24/06/2009;3171.9
25/06/2009;3283.27
26/06/2009;3315.62
29/06/2009;3321.78
30/06/2009;3290.79
1/07/2009;3323.58
2/07/2009;3233.9
3/07/2009;3236.63
6/07/2009;3204.47
7/07/2009;3085.9
8/07/2009;3066.2
9/07/2009;3091.33
10/07/2009;3069.82
13/07/2009;3122.85
14/07/2009;3122.52
15/07/2009;3306.12
16/07/2009;3345.09
17/07/2009;3356.48
20/07/2009;3467.24
21/07/2009;3451.49
22/07/2009;3467.7
23/07/2009;3553.09
24/07/2009;3552.13
27/07/2009;3571.76
28/07/2009;3549.42
29/07/2009;3470.77
30/07/2009;3547.36
31/07/2009;3568.24
3/08/2009;3720.36
4/08/2009;3737.98
5/08/2009;3770.65
6/08/2009;3701.02
7/08/2009;3761.2
10/08/2009;3747.16
11/08/2009;3663.58
12/08/2009;3707.43
13/08/2009;3742.18
14/08/2009;3698.06
17/08/2009;3573.03
18/08/2009;3651.57
19/08/2009;3686.45
20/08/2009;3743.17
21/08/2009;3799.54
24/08/2009;3782.32
25/08/2009;3767.6
26/08/2009;3767.47
27/08/2009;3754.23
28/08/2009;3728.14
31/08/2009;3632.45
1/09/2009;3537.52
2/09/2009;3567.93
3/09/2009;3621.24
4/09/2009;3711.99
7/09/2009;3717.55
8/09/2009;3797
9/09/2009;3790.01
10/09/2009;3846.68
11/09/2009;3850.91
14/09/2009;3869.04
15/09/2009;3923.65
16/09/2009;4010.89
17/09/2009;3994.35
18/09/2009;3989.88
21/09/2009;3970.17
22/09/2009;4033.01
23/09/2009;3963.52
24/09/2009;3899.06
25/09/2009;3922.55
28/09/2009;4007.77
29/09/2009;4026.79
30/09/2009;4070.04
1/10/2009;3980.84
2/10/2009;4031.58
5/10/2009;4136.32
6/10/2009;4195.87
7/10/2009;4180.02
8/10/2009;4262.01
9/10/2009;4293.95
12/10/2009;4335.03
13/10/2009;4343.59
14/10/2009;4480.19
15/10/2009;4493.92
16/10/2009;4448.27
19/10/2009;4502.08
20/10/2009;4385.91
21/10/2009;4426.54
22/10/2009;4478.2
23/10/2009;4435.48
26/10/2009;4374.57
27/10/2009;4254.66
28/10/2009;4051.51
29/10/2009;4295.11
30/10/2009;4125.17
2/11/2009;4146.98
3/11/2009;4228.25
4/11/2009;4300.63
5/11/2009;4393.33
6/11/2009;4382.17
9/11/2009;4540.74
10/11/2009;4528.79
11/11/2009;4522.89
12/11/2009;4405.71
13/11/2009;4484.99
16/11/2009;4558.94
17/11/2009;4617.49
18/11/2009;4552.27
19/11/2009;4503.28
20/11/2009;4469.26
23/11/2009;4539.42
24/11/2009;4554.8
25/11/2009;4630.94
26/11/2009;4561.22
27/11/2009;4514.08
30/11/2009;4530.94
1/12/2009;4680.92
2/12/2009;4710.21
3/12/2009;4670.24
4/12/2009;4641.77
7/12/2009;4633.79
8/12/2009;4520.74
9/12/2009;4556.24
10/12/2009;4600.38
11/12/2009;4626.81
14/12/2009;4655.81
15/12/2009;4634.18
16/12/2009;4608.25
17/12/2009;4455.89
18/12/2009;4434.58
21/12/2009;4417.75
22/12/2009;4477.86
23/12/2009;4510.29
24/12/2009;4545.89
25/12/2009;4512.95
28/12/2009;4561.37
29/12/2009;4570.67
30/12/2009;4594.03
31/12/2009;4599.67
4/01/2010;4745
5/01/2010;4742.11
6/01/2010;4763.68
7/01/2010;4741.93
8/01/2010;4770.02
11/01/2010;4750.3
12/01/2010;4695.68
13/01/2010;4693.42
14/01/2010;4629.27
15/01/2010;4560.29
18/01/2010;4579.22
19/01/2010;4631.93
20/01/2010;4500.38
21/01/2010;4329.74
22/01/2010;4272.67
25/01/2010;4262.48
26/01/2010;4223.45
27/01/2010;4185.55
28/01/2010;4174.49
29/01/2010;4123.91
1/02/2010;4252.22
2/02/2010;4303.49
3/02/2010;4249.91
4/02/2010;4028.94
5/02/2010;4009.92
8/02/2010;3981.53
9/02/2010;4119.7
10/02/2010;4110.55
11/02/2010;4217.49
12/02/2010;4210.2
15/02/2010;4205.99
16/02/2010;4304.98
17/02/2010;4333.54
18/02/2010;4376.31
19/02/2010;4368.18
22/02/2010;4337.13
23/02/2010;4238.68
24/02/2010;4238.81
25/02/2010;4261.94
26/02/2010;4320.74
1/03/2010;4364.89
2/03/2010;4428
3/03/2010;4431.62
4/03/2010;4433.07
5/03/2010;4530.1
8/03/2010;4508.57
9/03/2010;4555.66
10/03/2010;4583.9
11/03/2010;4599.4
12/03/2010;4588.42
15/03/2010;4575.32
16/03/2010;4620.35
17/03/2010;4610.8
18/03/2010;4570.03
19/03/2010;4504.06
22/03/2010;4522.14
23/03/2010;4572.88
24/03/2010;4512.99
25/03/2010;4460.18
26/03/2010;4464.37
29/03/2010;4568
30/03/2010;4592.66
31/03/2010;4627.14
1/04/2010;4713.88
2/04/2010;4713.26
5/04/2010;4759.92
6/04/2010;4763.93
7/04/2010;4705.33
8/04/2010;4737.76
9/04/2010;4765.99
12/04/2010;4743.48
13/04/2010;4737.2
14/04/2010;4772.4
15/04/2010;4741.76
16/04/2010;4633.91
19/04/2010;4621.8
20/04/2010;4647.5
21/04/2010;4613.67
22/04/2010;4644.8
23/04/2010;4665.06
26/04/2010;4655.88
27/04/2010;4467.99
28/04/2010;4519.24
29/04/2010;4626.69
30/04/2010;4593.19
3/05/2010;4566.34
4/05/2010;4367.67
5/05/2010;4301.88
6/05/2010;4144.21
7/05/2010;4132.77
10/05/2010;4412.37
11/05/2010;4357.33
12/05/2010;4405.62
13/05/2010;4367.28
14/05/2010;4263.69
17/05/2010;4219.14
18/05/2010;4115.16
19/05/2010;4016.77
20/05/2010;3850.23
21/05/2010;3982.8
24/05/2010;3924.75
25/05/2010;3886.86
26/05/2010;3942.13
27/05/2010;4140.49
28/05/2010;4095.49
31/05/2010;4134.71
1/06/2010;4069.74
2/06/2010;4195.9
3/06/2010;4165.67
4/06/2010;4025.76
7/06/2010;3964.05
8/06/2010;4052.16
9/06/2010;4060.87
10/06/2010;4214.28
11/06/2010;4241.68
14/06/2010;4212.24
15/06/2010;4318.79
16/06/2010;4341.3
17/06/2010;4328.66
18/06/2010;4337.59
21/06/2010;4381.58
22/06/2010;4312.32
23/06/2010;4311.85
24/06/2010;4233.44
25/06/2010;4299.36
28/06/2010;4264.53
29/06/2010;4063.86
30/06/2010;4023.23
1/07/2010;4064.63
2/07/2010;4113.24
5/07/2010;4104.36
6/07/2010;4130.03
7/07/2010;4266.69
8/07/2010;4312.62
9/07/2010;4354.63
12/07/2010;4276.39
13/07/2010;4337.36
14/07/2010;4323.14
15/07/2010;4301.92
16/07/2010;4200.21
19/07/2010;4241.32
20/07/2010;4352.22
21/07/2010;4346.54
22/07/2010;4476.9
23/07/2010;4499.74
26/07/2010;4516.66
27/07/2010;4485.68
28/07/2010;4504.6
29/07/2010;4502.24
30/07/2010;4523.07
2/08/2010;4622.35
3/08/2010;4591.03
4/08/2010;4602.93
5/08/2010;4604.48
6/08/2010;4577.52
9/08/2010;4597.38
10/08/2010;4558.16
11/08/2010;4416.36
12/08/2010;4431.77
13/08/2010;4456.47
16/08/2010;4512.84
17/08/2010;4554.01
18/08/2010;4559.61
19/08/2010;4491.94
20/08/2010;4489.48
23/08/2010;4424.41
24/08/2010;4349.43
25/08/2010;4331.12
26/08/2010;4291.52
27/08/2010;4415.92
30/08/2010;4331.32
31/08/2010;4397.69
1/09/2010;4547.61
2/09/2010;4571.15
3/09/2010;4599.97
6/09/2010;4604.9
7/09/2010;4538.85
8/09/2010;4564.65
9/09/2010;4580.4
10/09/2010;4590.35
13/09/2010;4699.57
14/09/2010;4700.28
15/09/2010;4697.01
16/09/2010;4700.15
17/09/2010;4679.41
20/09/2010;4712.89
21/09/2010;4707.85
22/09/2010;4720.07
23/09/2010;4738.5
24/09/2010;4758.28
27/09/2010;4785.01
28/09/2010;4841.74
29/09/2010;4854.93
30/09/2010;4919.55
1/10/2010;4980.84
4/10/2010;4952.12
5/10/2010;5046.69
6/10/2010;5009.53
7/10/2010;4956.81
8/10/2010;5040.69
11/10/2010;5046.87
12/10/2010;5051.39
13/10/2010;5144.59
14/10/2010;5134.08
15/10/2010;5116.71
18/10/2010;5150.32
19/10/2010;5006.59
20/10/2010;5078.65
21/10/2010;5008.33
22/10/2010;5014.17
25/10/2010;5058.93
26/10/2010;5095.04
27/10/2010;5010.54
28/10/2010;5043.86
29/10/2010;5080.79
1/11/2010;5119.5
2/11/2010;5190.11
3/11/2010;5183.96
4/11/2010;5311.85
5/11/2010;5304.77
8/11/2010;5302.5
9/11/2010;5200.74
10/11/2010;5212.22
11/11/2010;5170.94
12/11/2010;5085.34
15/11/2010;5089.5
16/11/2010;4953.25
17/11/2010;4985.81
18/11/2010;5097.27
19/11/2010;5119.85
22/11/2010;5088.84
23/11/2010;4952.94
24/11/2010;5078.71
25/11/2010;5075.58
26/11/2010;4993.72
29/11/2010;4987.95
30/11/2010;4951.23
1/12/2010;5057.29
2/12/2010;5119.85
3/12/2010;5139.24
6/12/2010;5137.36
7/12/2010;5104.37
8/12/2010;5064.78
9/12/2010;5017.12
10/12/2010;5041.31
13/12/2010;5098.87
14/12/2010;5105.42
15/12/2010;5043.19
16/12/2010;5050.42
17/12/2010;5065.21
20/12/2010;5048.59
21/12/2010;5109.1
22/12/2010;5134.62
23/12/2010;5120.88
24/12/2010;5118.76
27/12/2010;5087.83
28/12/2010;5082.4
29/12/2010;5163.45
30/12/2010;5218.4
31/12/2010;5245.92
3/01/2011;5293.85
4/01/2011;5272.58
5/01/2011;5275.98
6/01/2011;5200.68
7/01/2011;5146.72
10/01/2011;5123.07
11/01/2011;5170.9
12/01/2011;5256.74
13/01/2011;5213.84
14/01/2011;5211.68
17/01/2011;5213.28
18/01/2011;5236.82
19/01/2011;5175.51
20/01/2011;5103.85
21/01/2011;5078.19
24/01/2011;5143.47
25/01/2011;5089.48
26/01/2011;5119.32
27/01/2011;5061.36
28/01/2011;4951.55
31/01/2011;4989.35
1/02/2011;5097.25
2/02/2011;5050.58
3/02/2011;5037.83
4/02/2011;4985.03
7/02/2011;4954.47
8/02/2011;4997.28
9/02/2011;4885.03
10/02/2011;4881.04
11/02/2011;4968.18
14/02/2011;4992.05
15/02/2011;5001.15
16/02/2011;5053.3
17/02/2011;5082.57
18/02/2011;5105.53
21/02/2011;5086.01
22/02/2011;4959.67
23/02/2011;4964.92
24/02/2011;4972.35
25/02/2011;5011.91
28/02/2011;5049.91
1/03/2011;4984.25
2/03/2011;5035.44
3/03/2011;5125.28
4/03/2011;5110.8
7/03/2011;5043.98
8/03/2011;5023.36
9/03/2011;5015.66
10/03/2011;4889.41
11/03/2011;4925.33
14/03/2011;4959.11
15/03/2011;4920.4
16/03/2011;4810.19
17/03/2011;4823.43
18/03/2011;4872.4
21/03/2011;4923.78
22/03/2011;4995.66
23/03/2011;5032.15
24/03/2011;5065.63
25/03/2011;5051.52
28/03/2011;5021.94
29/03/2011;5049.32
30/03/2011;5131.73
31/03/2011;5202.68
1/04/2011;5278.56
4/04/2011;5295.59
5/04/2011;5310.42
6/04/2011;5277.29
7/04/2011;5284.46
8/04/2011;5286.19
11/04/2011;5239.02
12/04/2011;5138.45
13/04/2011;5122.26
14/04/2011;5115.23
15/04/2011;5145.09
18/04/2011;5043.92
19/04/2011;5127.23
20/04/2011;5207.09
21/04/2011;5232.41
25/04/2011;5217.26
26/04/2011;5261.32
27/04/2011;5229.41
28/04/2011;5167
29/04/2011;5232.76
2/05/2011;5176.1
3/05/2011;5070.55
4/05/2011;4958.28
5/05/2011;4914.35
6/05/2011;4967.33
9/05/2011;4985.32
10/05/2011;5037.71
11/05/2011;4934.33
12/05/2011;4920.89
13/05/2011;4838.92
16/05/2011;4830.49
17/05/2011;4862.34
18/05/2011;4882.4
19/05/2011;4864.86
20/05/2011;4866.18
23/05/2011;4804.77
24/05/2011;4872.25
25/05/2011;4866.69
26/05/2011;4942.07
27/05/2011;4996.02
30/05/2011;4990.71
31/05/2011;5044.84
1/06/2011;4930.34
2/06/2011;4981.29
3/06/2011;4971.6
6/06/2011;4842.04
7/06/2011;4867.47
8/06/2011;4849.05
9/06/2011;4871.67
10/06/2011;4799.46
13/06/2011;4788.29
14/06/2011;4838.89
15/06/2011;4781.92
16/06/2011;4717.02
17/06/2011;4739.5
20/06/2011;4771.57
21/06/2011;4818
22/06/2011;4833.24
23/06/2011;4798.32
24/06/2011;4780.38
27/06/2011;4813.38
28/06/2011;4922.61
29/06/2011;4991.66
30/06/2011;5026.71
1/07/2011;5093.56
4/07/2011;5097.79
5/07/2011;5067.74
6/07/2011;5026.6
7/07/2011;5033.79
8/07/2011;4978.36
11/07/2011;4845.13
12/07/2011;4814.22
13/07/2011;4866.94
14/07/2011;4816.79
15/07/2011;4833.57
18/07/2011;4779.77
19/07/2011;4825.42
20/07/2011;4809.89
21/07/2011;4877.15
22/07/2011;4885.23
25/07/2011;4882.51
26/07/2011;4875.13
27/07/2011;4789.82
28/07/2011;4796.55
29/07/2011;4808.75
1/08/2011;4804.6
2/08/2011;4654.61
3/08/2011;4607.41
4/08/2011;4332.9
5/08/2011;4324.73
8/08/2011;3945.95
9/08/2011;4151.27
10/08/2011;4053.72
11/08/2011;4243.26
12/08/2011;4280.18
15/08/2011;4381.55
16/08/2011;4351.58
17/08/2011;4424.41
18/08/2011;4243.62
19/08/2011;4202.47
22/08/2011;4206.22
23/08/2011;4313.72
24/08/2011;4286.81
25/08/2011;4239.66
26/08/2011;4288.56
29/08/2011;4412.05
30/08/2011;4443.65
31/08/2011;4529.12
1/09/2011;4578.88
2/09/2011;4438.01
5/09/2011;4361.04
6/09/2011;4347.07
7/09/2011;4449.51
8/09/2011;4395.6
9/09/2011;4231.47
12/09/2011;4164.92
13/09/2011;4175.18
14/09/2011;4215.13
15/09/2011;4277.96
16/09/2011;4253.87
19/09/2011;4188.69
20/09/2011;4144.52
21/09/2011;3989.9
22/09/2011;3716.39
23/09/2011;3781.19
26/09/2011;3861.24
27/09/2011;3954.98
28/09/2011;3855.48
29/09/2011;3871.34
30/09/2011;3761.14
3/10/2011;3651.95
4/10/2011;3668.54
5/10/2011;3750.07
6/10/2011;3893.78
7/10/2011;3838.93
10/10/2011;3973.11
11/10/2011;4020.57
12/10/2011;4128.97
13/10/2011;4101.41
14/10/2011;4167.09
17/10/2011;4021.39
18/10/2011;4108.37
19/10/2011;4052.27
20/10/2011;3992.43
21/10/2011;4088.71
24/10/2011;4240.44
25/10/2011;4170.05
26/10/2011;4254.32
27/10/2011;4476.19
28/10/2011;4536.6
31/10/2011;4399.85
1/11/2011;4295.02
2/11/2011;4341.65
3/11/2011;4396.89
4/11/2011;4389.44
7/11/2011;4439.3
8/11/2011;4480.59
9/11/2011;4276.68
10/11/2011;4305.92
11/11/2011;4410.38
14/11/2011;4354.36
15/11/2011;4353.44
16/11/2011;4290.89
17/11/2011;4197.21
18/11/2011;4176.02
21/11/2011;4093.65
22/11/2011;4046.05
23/11/2011;3909.04
24/11/2011;3906.2
25/11/2011;3839.71
28/11/2011;3988.62
29/11/2011;3990.48
30/11/2011;4193.79
1/12/2011;4216.58
2/12/2011;4232.71
5/12/2011;4301.1
6/12/2011;4297.62
7/12/2011;4294.27
8/12/2011;4179.35
9/12/2011;4277.12
12/12/2011;4172.85
13/12/2011;4112.78
14/12/2011;4044.36
15/12/2011;4049.69
16/12/2011;4064.74
19/12/2011;3997.61
20/12/2011;4125.86
21/12/2011;4136.37
22/12/2011;4189.8
23/12/2011;4198.54
26/12/2011;4199.66
27/12/2011;4173.16
28/12/2011;4087.9
29/12/2011;4135.66
30/12/2011;4160.51
2/01/2012;4167.53
3/01/2012;4277.85
4/01/2012;4292.05
5/01/2012;4235
6/01/2012;4211.73
9/01/2012;4256.28
10/01/2012;4320.58
11/01/2012;4345.32
12/01/2012;4375.91
13/01/2012;4317.82
16/01/2012;4337.82
17/01/2012;4401.02
18/01/2012;4515.54
19/01/2012;4539.74
20/01/2012;4537.82
23/01/2012;4550.32
24/01/2012;4529.5
25/01/2012;4599.3
26/01/2012;4574.78
27/01/2012;4587.14
30/01/2012;4543.92
31/01/2012;4532.65
1/02/2012;4642.61
2/02/2012;4670.14
3/02/2012;4730.31
6/02/2012;4725.24
7/02/2012;4752.86
8/02/2012;4762
9/02/2012;4770.86
10/02/2012;4680.38
13/02/2012;4741.8
14/02/2012;4674.78
15/02/2012;4632.77
16/02/2012;4708
17/02/2012;4735.69
20/02/2012;4754.12
21/02/2012;4722.83
22/02/2012;4711.8
23/02/2012;4725.94
24/02/2012;4742.15
27/02/2012;4720.74
28/02/2012;4794.65
29/02/2012;4755.05
1/03/2012;4830.55
2/03/2012;4817.36
5/03/2012;4740.83
6/03/2012;4590.36
7/03/2012;4615.62
8/03/2012;4700.71
9/03/2012;4676.16
12/03/2012;4620.91
13/03/2012;4741.04
14/03/2012;4710.89
15/03/2012;4733.08
16/03/2012;4745.89
19/03/2012;4751.11
20/03/2012;4694.54
21/03/2012;4695.86
22/03/2012;4638.65
23/03/2012;4664.49
26/03/2012;4751.88
27/03/2012;4730.89
28/03/2012;4653.73
29/03/2012;4650.11
30/03/2012;4654.56
2/04/2012;4708.46
3/04/2012;4672.14
4/04/2012;4579.76
5/04/2012;4568.82
9/04/2012;4542.61
10/04/2012;4459.32
11/04/2012;4476.06
12/04/2012;4573.52
13/04/2012;4491.18
16/04/2012;4445.95
17/04/2012;4475.81
18/04/2012;4448.71
19/04/2012;4439.49
20/04/2012;4482.45
23/04/2012;4430.29
24/04/2012;4433.68
25/04/2012;4418.26
26/04/2012;4427.99
27/04/2012;4457.63
30/04/2012;4442.56
1/05/2012;4474.61
2/05/2012;4447.29
3/05/2012;4420.55
4/05/2012;4324.74
7/05/2012;4372.79
8/05/2012;4252.21
9/05/2012;4187.87
10/05/2012;4199.09
11/05/2012;4155.51
14/05/2012;4034.15
15/05/2012;3966.12
16/05/2012;3939.2
17/05/2012;3849.13
18/05/2012;3829.13
21/05/2012;3918.6
22/05/2012;3867.49
23/05/2012;3857.44
24/05/2012;3851.2
25/05/2012;3881.36
28/05/2012;3891.01
29/05/2012;3937.67
30/05/2012;3863.81
31/05/2012;3883.64
1/06/2012;3787.81
4/06/2012;3793.2
5/06/2012;3804.16
6/06/2012;3900.84
7/06/2012;3923.09
8/06/2012;3910.51
11/06/2012;3842.12
12/06/2012;3892.71
13/06/2012;3878.61
14/06/2012;3910.23
15/06/2012;3956.87
18/06/2012;3981.33
19/06/2012;4091.25
20/06/2012;4087.41
21/06/2012;3957.17
22/06/2012;3943.64
25/06/2012;3862.23
26/06/2012;3884.28
27/06/2012;3903.87
28/06/2012;3885.67
29/06/2012;4053.58
2/07/2012;4087.21
3/07/2012;4143.62
4/07/2012;4141.49
5/07/2012;4123.87
6/07/2012;4070.13
9/07/2012;4058.23
10/07/2012;4009.9
11/07/2012;4021.9
12/07/2012;3998.78
13/07/2012;4070.64
16/07/2012;4076.43
17/07/2012;4110.04
18/07/2012;4120.66
19/07/2012;4152.73
20/07/2012;4101.06
23/07/2012;4013.99
24/07/2012;3978.71
25/07/2012;3965.89
26/07/2012;4063.11
27/07/2012;4182.62
30/07/2012;4179.59
31/07/2012;4114.36
1/08/2012;4104.94
2/08/2012;4053.86
3/08/2012;4149.42
6/08/2012;4181.75
7/08/2012;4186.07
8/08/2012;4225.39
9/08/2012;4221.65
10/08/2012;4249.45
13/08/2012;4204.62
14/08/2012;4180.34
15/08/2012;4191.59
16/08/2012;4235.17
17/08/2012;4237.29
20/08/2012;4231.73
21/08/2012;4194.24
22/08/2012;4194.59
23/08/2012;4151.08
24/08/2012;4158.12
27/08/2012;4122.54
28/08/2012;4125.99
29/08/2012;4071.94
30/08/2012;4049.61
31/08/2012;4065.41
3/09/2012;4074.32
4/09/2012;4020.68
5/09/2012;4045.24
6/09/2012;4135.05
7/09/2012;4205.7
10/09/2012;4146.91
11/09/2012;4185.37
12/09/2012;4189.89
13/09/2012;4306.23
14/09/2012;4352.76
17/09/2012;4322.84
18/09/2012;4318.53
19/09/2012;4307.83
20/09/2012;4278.88
21/09/2012;4259.95
24/09/2012;4255.77
25/09/2012;4175.09
26/09/2012;4179.49
27/09/2012;4210.74
28/09/2012;4167.45
1/10/2012;4194.75
2/10/2012;4196.07
3/10/2012;4165.04
4/10/2012;4209.4
5/10/2012;4222.58
8/10/2012;4236.81
9/10/2012;4189.77
10/10/2012;4152.93
11/10/2012;4180.54
12/10/2012;4172.28
15/10/2012;4214.91
16/10/2012;4249.06
17/10/2012;4257.38
18/10/2012;4260.04
19/10/2012;4217.05
22/10/2012;4216
23/10/2012;4129.55
24/10/2012;4148.07
25/10/2012;4174.71
26/10/2012;4171.8
29/10/2012;4169.98
30/10/2012;4170.44
31/10/2012;4137.32
1/11/2012;4192.45
2/11/2012;4178.05
5/11/2012;4187.42
6/11/2012;4204.3
7/11/2012;4132.61
8/11/2012;4074.61
9/11/2012;4058.14
12/11/2012;4041.25
13/11/2012;4028.71
14/11/2012;3973.28
15/11/2012;3978.43
16/11/2012;3982.79
19/11/2012;4039.25
20/11/2012;4047.48
21/11/2012;4045.17
22/11/2012;4058.93
23/11/2012;4099.83
26/11/2012;4077.11
27/11/2012;4031.66
28/11/2012;4047.25
29/11/2012;4077.24
30/11/2012;4058.36
3/12/2012;4068.74
4/12/2012;4051.65
5/12/2012;4093.34
6/12/2012;4120.48
7/12/2012;4137.4
10/12/2012;4175.58
11/12/2012;4212.65
12/12/2012;4217.39
13/12/2012;4197.16
14/12/2012;4223.61
17/12/2012;4228.33
18/12/2012;4269.95
19/12/2012;4293.97
20/12/2012;4310.78
21/12/2012;4279.34
24/12/2012;4261.43
26/12/2012;4260.54
27/12/2012;4263.15
28/12/2012;4257.23
31/12/2012;4297.97
2/01/2013;4377.82
3/01/2013;4413.24
4/01/2013;4436.25
7/01/2013;4423.38
8/01/2013;4392.21
9/01/2013;4429.42
10/01/2013;4460.22
11/01/2013;4432.06
14/01/2013;4456.91
15/01/2013;4442.86
16/01/2013;4440.71
17/01/2013;4469.01
18/01/2013;4476.54
21/01/2013;4473.46
22/01/2013;4492.19
23/01/2013;4481.87
24/01/2013;4486.65
25/01/2013;4495.84
28/01/2013;4465.97
29/01/2013;4500.45
30/01/2013;4463.58
31/01/2013;4465.86
1/02/2013;4507.91
4/02/2013;4448.86
5/02/2013;4453.52
6/02/2013;4439.46
7/02/2013;4417.12
8/02/2013;4434.57
11/02/2013;4417.63
12/02/2013;4424.54
13/02/2013;4381.49
14/02/2013;4370.5
15/02/2013;4384.26
18/02/2013;4384.63
19/02/2013;4408.53
20/02/2013;4319.75
21/02/2013;4266.04
22/02/2013;4291.89
25/02/2013;4230.59
26/02/2013;4237.45
27/02/2013;4255.33
28/02/2013;4270.02
1/03/2013;4269.79
4/03/2013;4255.57
5/03/2013;4279.65
6/03/2013;4323.76
7/03/2013;4354.19
8/03/2013;4409.59
11/03/2013;4380.76
12/03/2013;4367.68
13/03/2013;4288.58
14/03/2013;4281.76
15/03/2013;4239.64
18/03/2013;4227.89
19/03/2013;4205.27
20/03/2013;4218.34
21/03/2013;4190.47
22/03/2013;4198.01
25/03/2013;4180.75
26/03/2013;4233.18
27/03/2013;4256.22
28/03/2013;4277.39
1/04/2013;4241.58
2/04/2013;4225.56
3/04/2013;4179.33
4/04/2013;4169.3
5/04/2013;4207.5
8/04/2013;4206.63
9/04/2013;4280.03
10/04/2013;4313.98
11/04/2013;4298.69
12/04/2013;4269.82
15/04/2013;4106.95
16/04/2013;4173.68
17/04/2013;4072.49
18/04/2013;4062.39
19/04/2013;4109.56
22/04/2013;4114.23
23/04/2013;4158.66
24/04/2013;4176.89
25/04/2013;4190.18
26/04/2013;4122.94
29/04/2013;4145.25
30/04/2013;4223.89
1/05/2013;4185.27
2/05/2013;4179.08
3/05/2013;4232.96
6/05/2013;4207.7
7/05/2013;4259.41
8/05/2013;4263.79
9/05/2013;4223.92
10/05/2013;4197.58
13/05/2013;4178.19
14/05/2013;4162.42
15/05/2013;4165.02
16/05/2013;4141.59
17/05/2013;4148.98
20/05/2013;4155.94
21/05/2013;4146.16
22/05/2013;4104.57
23/05/2013;4105.42
24/05/2013;4084.72
27/05/2013;4076.41
28/05/2013;4068.67
29/05/2013;3982.56
30/05/2013;3992.89
31/05/2013;3945.43
3/06/2013;3950.61
4/06/2013;3928.3
5/06/2013;3845.76
6/06/2013;3880.27
7/06/2013;3841.14
10/06/2013;3806.27
11/06/2013;3735.71
12/06/2013;3682.02
13/06/2013;3757.1
14/06/2013;3719.28
17/06/2013;3710.81
18/06/2013;3688.46
19/06/2013;3578.26
20/06/2013;3447.53
21/06/2013;3459.25
24/06/2013;3402.93
25/06/2013;3460.58
26/06/2013;3540.75
27/06/2013;3616.36
28/06/2013;3638.17
1/07/2013;3636.01
2/07/2013;3522.57
3/07/2013;3507.5
4/07/2013;3525.7
5/07/2013;3467.01
8/07/2013;3466.14
9/07/2013;3484.71
10/07/2013;3456.04
11/07/2013;3544.44
12/07/2013;3518.12
15/07/2013;3595.06
16/07/2013;3563.3
17/07/2013;3621.13
18/07/2013;3630.74
19/07/2013;3582.07
22/07/2013;3644.1
23/07/2013;3691.79
24/07/2013;3634.32
25/07/2013;3654.73
26/07/2013;3650.33
29/07/2013;3597.11
30/07/2013;3560.35
31/07/2013;3573.94
1/08/2013;3629.14
2/08/2013;3644.35
5/08/2013;3598.83
6/08/2013;3562.19
7/08/2013;3548.02
8/08/2013;3653.26
9/08/2013;3675.34
12/08/2013;3659.7
13/08/2013;3647.36
14/08/2013;3645.43
15/08/2013;3630.85
16/08/2013;3573.14
19/08/2013;3514.75
20/08/2013;3518.67
21/08/2013;3436.4
22/08/2013;3482.19
23/08/2013;3577.65
26/08/2013;3501.76
27/08/2013;3439.09
28/08/2013;3434.99
29/08/2013;3430.28
30/08/2013;3445.76
2/09/2013;3464.49
3/09/2013;3469.02
4/09/2013;3484.3
5/09/2013;3548.42
6/09/2013;3613.9
9/09/2013;3723.67
10/09/2013;3758.75
11/09/2013;3765.26
12/09/2013;3708.78
13/09/2013;3726.94
16/09/2013;3745.42
17/09/2013;3774.7
18/09/2013;3932.46
19/09/2013;3902.74
20/09/2013;3828.66
23/09/2013;3883.02
24/09/2013;3855
25/09/2013;3831.45
26/09/2013;3807.68
27/09/2013;3788.25
30/09/2013;3760.19
1/10/2013;3810.2
2/10/2013;3828.69
3/10/2013;3795.42
4/10/2013;3821.01
7/10/2013;3798.57
8/10/2013;3758.86
9/10/2013;3762.86
10/10/2013;3845.8
11/10/2013;3881.43
14/10/2013;3912.77
15/10/2013;3888.45
16/10/2013;3927.16
17/10/2013;3956.4
18/10/2013;3938.29
21/10/2013;3946.34
22/10/2013;3986.53
23/10/2013;3913.12
24/10/2013;3896.17
25/10/2013;3924.37
28/10/2013;3963.05
29/10/2013;3968.06
30/10/2013;3964.33
31/10/2013;3908.23
1/11/2013;3888.13
4/11/2013;3923.75
5/11/2013;3828.39
6/11/2013;3830.74
7/11/2013;3758.39
8/11/2013;3719.52
11/11/2013;3699.48
12/11/2013;3672.97
13/11/2013;3700.16
14/11/2013;3772.57
15/11/2013;3815.41
18/11/2013;3872.99
19/11/2013;3813.7
20/11/2013;3782.62
21/11/2013;3762.01
22/11/2013;3798.12
25/11/2013;3735.44
26/11/2013;3705.52
27/11/2013;3720.27
28/11/2013;3735.79
29/11/2013;3753.86
2/12/2013;3647.3
3/12/2013;3613.3
4/12/2013;3592.23
5/12/2013;3598.86
6/12/2013;3640.06
9/12/2013;3672.85
10/12/2013;3672.46
11/12/2013;3591.09
12/12/2013;3594.2
13/12/2013;3598.3
16/12/2013;3605.68
17/12/2013;3595.43
18/12/2013;3639.07
19/12/2013;3620.38
20/12/2013;3584.04
23/12/2013;3620.63
24/12/2013;3628.28
26/12/2013;3613.44
27/12/2013;3661.16
30/12/2013;3654.27
31/12/2013;3664.49
2/01/2014;3563.84
3/01/2014;3568.03
6/01/2014;3541.5
7/01/2014;3544.51
8/01/2014;3506.26
9/01/2014;3465.72
10/01/2014;3536.63
13/01/2014;3498.53
14/01/2014;3526.9
15/01/2014;3527.55
16/01/2014;3490.88
17/01/2014;3481.78
20/01/2014;3481.38
21/01/2014;3455.03
22/01/2014;3478.98
23/01/2014;3399.45
24/01/2014;3321.77
27/01/2014;3318.95
28/01/2014;3322.85
29/01/2014;3267.27
30/01/2014;3291.27
31/01/2014;3286.39
3/02/2014;3197.45
4/02/2014;3268.69
5/02/2014;3257.52
6/02/2014;3351.87
7/02/2014;3365.65
10/02/2014;3327.79
11/02/2014;3393.08
12/02/2014;3357.6
13/02/2014;3368.58
14/02/2014;3400.6
17/02/2014;3403.62
18/02/2014;3338.62
19/02/2014;3318.35
20/02/2014;3336.46
21/02/2014;3354.08
24/02/2014;3362.11
25/02/2014;3324.78
26/02/2014;3305.38
27/02/2014;3381.23
28/02/2014;3353.73
3/03/2014;3303.3
4/03/2014;3345.51
5/03/2014;3356.18
6/03/2014;3393.96
7/03/2014;3328.48
10/03/2014;3280.76
11/03/2014;3270.3
12/03/2014;3283.7
13/03/2014;3242.51
14/03/2014;3234.37
17/03/2014;3255.33
18/03/2014;3314.5
19/03/2014;3310.51
20/03/2014;3383.58
21/03/2014;3388.5
24/03/2014;3427.1
25/03/2014;3457.79
26/03/2014;3457.26
27/03/2014;3565.07
28/03/2014;3578.84
31/03/2014;3612.12
1/04/2014;3626.16
2/04/2014;3691.46
3/04/2014;3643.83
4/04/2014;3669.95
7/04/2014;3743.6
8/04/2014;3742.14
9/04/2014;3747.64
10/04/2014;3719.62
11/04/2014;3739.7
14/04/2014;3744.13
15/04/2014;3662.04
16/04/2014;3694.01
17/04/2014;3736.47
21/04/2014;3728.39
22/04/2014;3712.28
23/04/2014;3711.01
24/04/2014;3735.96
25/04/2014;3689.7
28/04/2014;3696.83
29/04/2014;3724.31
30/04/2014;3718.02
1/05/2014;3711.48
2/05/2014;3780.04
5/05/2014;3765.93
6/05/2014;3804.8
7/05/2014;3833.69
8/05/2014;3810.03
9/05/2014;3799.77
12/05/2014;3851.25
13/05/2014;3853.15
14/05/2014;3872.45
15/05/2014;3820.69
16/05/2014;3848.98
19/05/2014;3818.49
20/05/2014;3762.57
21/05/2014;3765.84
22/05/2014;3787.08
23/05/2014;3771.45
26/05/2014;3773.49
27/05/2014;3725.52
28/05/2014;3755.27
29/05/2014;3753.39
30/05/2014;3668.54
2/06/2014;3664.87
3/06/2014;3684.04
4/06/2014;3651.69
5/06/2014;3679.47
6/06/2014;3768.32
9/06/2014;3834.23
10/06/2014;3848.87
11/06/2014;3861.74
12/06/2014;3829.3
13/06/2014;3835.66
16/06/2014;3817.78
17/06/2014;3767.45
18/06/2014;3842.7
19/06/2014;3834.21
20/06/2014;3827.46
23/06/2014;3828.43
24/06/2014;3814.87
25/06/2014;3805.36
26/06/2014;3806.58
27/06/2014;3801.05
30/06/2014;3789.02
1/07/2014;3806.64
2/07/2014;3785.62
3/07/2014;3832.84
4/07/2014;3825.62
7/07/2014;3818.68
8/07/2014;3814
9/07/2014;3868.02
10/07/2014;3874.51
11/07/2014;3888.29
14/07/2014;3951.46
15/07/2014;3960.84
16/07/2014;3955.75
17/07/2014;3903.2
18/07/2014;4005.25
21/07/2014;4033.7
22/07/2014;4065.95
23/07/2014;4031.7
24/07/2014;4059.51
25/07/2014;4041.55
28/07/2014;4039.16
29/07/2014;3996.22
30/07/2014;3955.26
31/07/2014;3869.84
1/08/2014;3883.39
4/08/2014;3932.42
5/08/2014;3885.38
6/08/2014;3909.1
7/08/2014;3856.44
8/08/2014;3847.55
11/08/2014;3929.69
12/08/2014;3925.88
13/08/2014;3887.73
14/08/2014;3908.99
15/08/2014;3954.63
18/08/2014;3996.73
19/08/2014;4035.29
20/08/2014;4046.43
21/08/2014;4056.34
22/08/2014;4014.02
25/08/2014;4060.49
26/08/2014;4091.26
27/08/2014;4157.69
28/08/2014;4135.2
29/08/2014;4200.7
1/09/2014;4193.59
2/09/2014;4239.61
3/09/2014;4256.98
4/09/2014;4201.42
5/09/2014;4214.22
8/09/2014;4125.68
9/09/2014;4051.48
10/09/2014;4028.91
11/09/2014;4017.93
12/09/2014;3916.58
15/09/2014;3955.16
16/09/2014;4039.06
17/09/2014;4005.92
18/09/2014;3978.39
19/09/2014;3928.35
22/09/2014;3850.62
23/09/2014;3813.09
24/09/2014;3843.6
25/09/2014;3752.66
26/09/2014;3812.01
29/09/2014;3662.26
30/09/2014;3646.52
1/10/2014;3540.57
2/10/2014;3567.87
3/10/2014;3617.05
6/10/2014;3772.55
7/10/2014;3792.74
8/10/2014;3811.43
9/10/2014;3792.33
10/10/2014;3662.13
13/10/2014;3790.64
14/10/2014;3796.45
15/10/2014;3658.28
16/10/2014;3571.08
17/10/2014;3655.1
20/10/2014;3578.91
21/10/2014;3511.27
22/10/2014;3482.4
23/10/2014;3411.55
24/10/2014;3489.16
27/10/2014;3394.69
28/10/2014;3507.76
29/10/2014;3478.97
30/10/2014;3586.1
31/10/2014;3618.68
3/11/2014;3568.55
4/11/2014;3578.57
5/11/2014;3554.18
6/11/2014;3459.39
7/11/2014;3499.31
10/11/2014;3468.12
11/11/2014;3457.54
12/11/2014;3454.63
13/11/2014;3397.34
14/11/2014;3379.32
17/11/2014;3352
18/11/2014;3411.14
19/11/2014;3482.05
20/11/2014;3488.27
21/11/2014;3663.09
24/11/2014;3596.24
25/11/2014;3600.52
26/11/2014;3613.53
27/11/2014;3607.91
28/11/2014;3506.75
1/12/2014;3395.01
2/12/2014;3339.73
3/12/2014;3372
4/12/2014;3316.56
5/12/2014;3323.45
8/12/2014;3244.18
9/12/2014;3227.65
10/12/2014;3133.28
11/12/2014;3106.39
12/12/2014;3042.63
15/12/2014;2933.76
16/12/2014;2908.84
17/12/2014;3035.43
18/12/2014;3103.06
19/12/2014;3131.55
22/12/2014;3162.98
23/12/2014;3161.32
24/12/2014;3166.31
26/12/2014;3157.27
29/12/2014;3162.38
30/12/2014;3169.56
31/12/2014;3169.35
2/01/2015;3073.68
5/01/2015;2988.39
6/01/2015;3028.13
7/01/2015;3100.96
8/01/2015;3147.61
9/01/2015;3143.74
12/01/2015;3078.4
13/01/2015;3088.11
14/01/2015;3095.11
15/01/2015;3057.9
16/01/2015;3128.03
19/01/2015;3108.18
20/01/2015;3100.8
21/01/2015;3171.81
22/01/2015;3236.29
23/01/2015;3179.58
26/01/2015;3173.94
27/01/2015;3186.65
28/01/2015;3113.77
29/01/2015;3097
30/01/2015;2986.89
2/02/2015;3018.6
3/02/2015;3111.61
4/02/2015;3087.23
5/02/2015;3117.5
6/02/2015;3070.76
9/02/2015;3110.87
10/02/2015;3036.14
11/02/2015;2963.63
12/02/2015;3072.68
13/02/2015;3116.27
16/02/2015;3112.08
17/02/2015;3127.96
18/02/2015;3122.71
19/02/2015;3090.79
20/02/2015;3096.09
23/02/2015;3089.28
24/02/2015;3148.99
25/02/2015;3115.51
26/02/2015;3114.92
27/02/2015;3136.15
2/03/2015;3070
3/03/2015;3061.93
4/03/2015;3005.31
5/03/2015;2973.64
6/03/2015;2897.01
9/03/2015;2833.09
10/03/2015;2796.1
11/03/2015;2821.27
12/03/2015;2830.75
13/03/2015;2770.66
16/03/2015;2784.63
17/03/2015;2825.84
18/03/2015;2922.21
19/03/2015;2841.4
20/03/2015;2912.88
23/03/2015;2954.94
24/03/2015;2955.63
25/03/2015;2918.29
26/03/2015;2862.24
27/03/2015;2843.04
30/03/2015;2883.56
31/03/2015;2897.39
1/04/2015;2971.86
2/04/2015;3027.03
6/04/2015;3074.75
7/04/2015;3067.25
8/04/2015;3101.67
9/04/2015;3082.81
10/04/2015;3084.39
13/04/2015;3049.22
14/04/2015;3086.94
15/04/2015;3137.6
16/04/2015;3159.01
17/04/2015;3099.77
20/04/2015;3083.4
21/04/2015;3087.78
22/04/2015;3122.88
23/04/2015;3184.18
24/04/2015;3236.95
27/04/2015;3229.39
28/04/2015;3228.99
29/04/2015;3201.63
30/04/2015;3172.07
1/05/2015;3167.77
4/05/2015;3168.16
5/05/2015;3199.05
6/05/2015;3174.54
7/05/2015;3183.93
8/05/2015;3234.94
11/05/2015;3189.01
12/05/2015;3184.57
13/05/2015;3162.72
14/05/2015;3214.92
15/05/2015;3242.38
18/05/2015;3183.83
19/05/2015;3137.11
20/05/2015;3135.47
21/05/2015;3102.61
22/05/2015;3048.03
25/05/2015;3049.18
26/05/2015;2980.51
27/05/2015;3005
28/05/2015;2992.82
29/05/2015;2937.99
1/06/2015;2944.7
2/06/2015;3004.44
3/06/2015;2966.99
4/06/2015;2939.41
5/06/2015;2920.39
8/06/2015;2937.63
9/06/2015;2936.88
10/06/2015;2978.61
11/06/2015;2986.68
12/06/2015;2968.06
15/06/2015;2943.04
16/06/2015;2992.16
17/06/2015;3003.41
18/06/2015;3035.71
19/06/2015;2992.65
22/06/2015;3021.33
23/06/2015;3025.05
24/06/2015;3000.93
25/06/2015;2966.52
26/06/2015;2990.59
29/06/2015;2931.83
30/06/2015;2951.32
1/07/2015;2908.42
2/07/2015;2958.18
3/07/2015;2940.57
6/07/2015;2886.25
7/07/2015;2875.58
8/07/2015;2813.85
9/07/2015;2836.48
10/07/2015;2903.26
13/07/2015;2940.97
14/07/2015;2949.12
15/07/2015;2924.49
16/07/2015;2919.29
17/07/2015;2876.05
20/07/2015;2851.34
21/07/2015;2852.45
22/07/2015;2784.08
23/07/2015;2717.14
24/07/2015;2657
27/07/2015;2617.47
28/07/2015;2654.52
29/07/2015;2692.7
30/07/2015;2656.32
31/07/2015;2688.84
3/08/2015;2658.82
4/08/2015;2655.74
5/08/2015;2632.36
6/08/2015;2616.27
7/08/2015;2593.17
10/08/2015;2656.55
11/08/2015;2584.67
12/08/2015;2567.22
13/08/2015;2516.13
14/08/2015;2512.7
17/08/2015;2504.15
18/08/2015;2515.13
19/08/2015;2459.1
20/08/2015;2450.13
21/08/2015;2373.36
24/08/2015;2288.66
25/08/2015;2287.04
26/08/2015;2349.72
27/08/2015;2460
28/08/2015;2439.48
31/08/2015;2420.36
1/09/2015;2334.61
2/09/2015;2349.8
3/09/2015;2383.19
4/09/2015;2307.88
7/09/2015;2302.77
8/09/2015;2338.28
9/09/2015;2327.01
10/09/2015;2312
11/09/2015;2292.38
14/09/2015;2335.92
15/09/2015;2347.54
16/09/2015;2400.84
17/09/2015;2397.47
18/09/2015;2327.3
21/09/2015;2307.58
22/09/2015;2256.32
23/09/2015;2186.15
24/09/2015;2229.53
25/09/2015;2210.56
28/09/2015;2140.16
29/09/2015;2163.75
30/09/2015;2230.32
1/10/2015;2231.81
2/10/2015;2298.02
5/10/2015;2355.92
6/10/2015;2378.43
7/10/2015;2405.79
8/10/2015;2444.45
9/10/2015;2468.37
12/10/2015;2443.68
13/10/2015;2360.99
14/10/2015;2368.79
15/10/2015;2396.19
16/10/2015;2386.3
19/10/2015;2375.95
20/10/2015;2355.86
21/10/2015;2329.98
22/10/2015;2380.46
23/10/2015;2394.36
26/10/2015;2372.53
27/10/2015;2361.2
28/10/2015;2354.4
29/10/2015;2339.52
30/10/2015;2339.09
2/11/2015;2361.11
3/11/2015;2443.23
4/11/2015;2407.47
5/11/2015;2407.18
6/11/2015;2379.63
9/11/2015;2327.32
10/11/2015;2339.71
11/11/2015;2358.89
12/11/2015;2327.69
13/11/2015;2291
16/11/2015;2305.98
17/11/2015;2326.9
18/11/2015;2368.74
19/11/2015;2403.13
20/11/2015;2426.91
23/11/2015;2394.04
24/11/2015;2402.56
25/11/2015;2341.2
26/11/2015;2345.87
27/11/2015;2300.36
30/11/2015;2247.45
1/12/2015;2270.95
2/12/2015;2257.99
3/12/2015;2287.87
4/12/2015;2275.83
7/12/2015;2236.4
8/12/2015;2206.86
9/12/2015;2252.57
10/12/2015;2202.92
11/12/2015;2157.07
14/12/2015;2143.92
15/12/2015;2184.33
16/12/2015;2224.4
17/12/2015;2206.8
18/12/2015;2138.6
21/12/2015;2123.33
22/12/2015;2138.02
23/12/2015;2178.39
24/12/2015;2174.06
28/12/2015;2175.63
29/12/2015;2176.39
30/12/2015;2123.03
31/12/2015;2127.53
4/01/2016;2063.87
5/01/2016;2074.31
6/01/2016;2031.08
7/01/2016;1951.48
8/01/2016;1934.17
11/01/2016;1927.32
12/01/2016;1933.62
13/01/2016;1910.8
14/01/2016;1950.76
15/01/2016;1878.36
18/01/2016;1876.94
19/01/2016;1869.61
20/01/2016;1844.99
21/01/2016;1820.52
22/01/2016;1886.14
25/01/2016;1855.64
26/01/2016;1889.57
27/01/2016;1908.37
28/01/2016;1936.34
29/01/2016;2038.89
1/02/2016;2038.69
2/02/2016;1943.93
3/02/2016;2015.83
4/02/2016;2067.97
5/02/2016;2027.14
8/02/2016;1986.27
9/02/2016;1955.75
10/02/2016;1968.61
11/02/2016;1914.07
12/02/2016;1958.17
15/02/2016;1981.03
16/02/2016;1977.12
17/02/2016;2051.71
18/02/2016;2027.95
19/02/2016;2028.39
22/02/2016;2103.48
23/02/2016;2064.32
24/02/2016;2055.71
25/02/2016;2062.55
26/02/2016;2035.44
29/02/2016;2067.74
1/03/2016;2150.24
2/03/2016;2198.29
3/03/2016;2293.64
4/03/2016;2378.98
7/03/2016;2380.49
8/03/2016;2350
9/03/2016;2366.21
10/03/2016;2400.17
11/03/2016;2437.59
14/03/2016;2395.32
15/03/2016;2293.67
16/03/2016;2339.45
17/03/2016;2482.65
18/03/2016;2494.21
21/03/2016;2500.15
22/03/2016;2501.14
23/03/2016;2420.39
24/03/2016;2417.13
28/03/2016;2481.7
29/03/2016;2503.1
30/03/2016;2527.58
31/03/2016;2495.24
1/04/2016;2520.21
4/04/2016;2445.64
5/04/2016;2411.82
6/04/2016;2394.91
7/04/2016;2362.38
8/04/2016;2448.47
11/04/2016;2500.74
12/04/2016;2580.23
13/04/2016;2624.44
14/04/2016;2601.63
15/04/2016;2598.05
18/04/2016;2565.78
19/04/2016;2640.26
20/04/2016;2638.76
21/04/2016;2603.82
22/04/2016;2595.15
25/04/2016;2561.05
26/04/2016;2614.46
27/04/2016;2674.22
28/04/2016;2670.57
29/04/2016;2689.51
2/05/2016;2641.73
3/05/2016;2550.44
4/05/2016;2547.69
5/05/2016;2514.05
6/05/2016;2535.26
9/05/2016;2483.83
10/05/2016;2581
11/05/2016;2582.11
12/05/2016;2582.72
13/05/2016;2495.97
16/05/2016;2510.57
17/05/2016;2490.3
18/05/2016;2431.38
19/05/2016;2402.14
20/05/2016;2416.48
23/05/2016;2381.48
24/05/2016;2389.62
25/05/2016;2400.13
26/05/2016;2412.49
27/05/2016;2390.37
30/05/2016;2386.36
31/05/2016;2341.7
1/06/2016;2368.06
2/06/2016;2381.73
3/06/2016;2441.7
6/06/2016;2451.59
7/06/2016;2490.8
8/06/2016;2573.01
9/06/2016;2523.87
10/06/2016;2428.48
13/06/2016;2401.92
14/06/2016;2361.49
15/06/2016;2393.3
16/06/2016;2413.49
17/06/2016;2438.85
20/06/2016;2488.54
21/06/2016;2496.67
22/06/2016;2499.19
23/06/2016;2577.85
24/06/2016;2449.56
27/06/2016;2383.36
28/06/2016;2479.84
29/06/2016;2570.81
30/06/2016;2619.81
1/07/2016;2637.12
4/07/2016;2627.84
5/07/2016;2558
6/07/2016;2541.06
7/07/2016;2529.2
8/07/2016;2620.77
11/07/2016;2646.88
12/07/2016;2674.8
13/07/2016;2682.9
14/07/2016;2731.31
15/07/2016;2725.75
18/07/2016;2770.82
19/07/2016;2763.95
20/07/2016;2775.19
21/07/2016;2756.38
22/07/2016;2781.06
25/07/2016;2742.01
26/07/2016;2746.76
27/07/2016;2742.11
28/07/2016;2713.71
29/07/2016;2760.25
1/08/2016;2719.21
2/08/2016;2702.42
3/08/2016;2751.2
4/08/2016;2794.02
5/08/2016;2818.91
8/08/2016;2835.63
9/08/2016;2861.45
10/08/2016;2846.19
11/08/2016;2911.96
12/08/2016;2891.24
15/08/2016;2928.74
16/08/2016;2919.27
17/08/2016;2912.6
18/08/2016;2901.8
19/08/2016;2902.65
22/08/2016;2860.73
23/08/2016;2832.13
24/08/2016;2826.21
25/08/2016;2830.09
26/08/2016;2790.67
29/08/2016;2835.78
30/08/2016;2823.91
31/08/2016;2798.71
1/09/2016;2801.47
2/09/2016;2859.42
5/09/2016;2854.2
6/09/2016;2911.74
7/09/2016;2895.7
8/09/2016;2885.55
9/09/2016;2751.14
12/09/2016;2796.41
13/09/2016;2680.37
14/09/2016;2671.4
15/09/2016;2710.23
16/09/2016;2680.43
19/09/2016;2681.43
20/09/2016;2707.92
21/09/2016;2776.96
22/09/2016;2812.02
23/09/2016;2778.2
26/09/2016;2745.7
27/09/2016;2785.5
28/09/2016;2832.95
29/09/2016;2772.21
30/09/2016;2774.19
3/10/2016;2836.56
4/10/2016;2806.8
5/10/2016;2857.38
6/10/2016;2868.12
7/10/2016;2879.05
10/10/2016;2936.18
11/10/2016;2910.59
12/10/2016;2902.16
13/10/2016;2915.25
14/10/2016;2921.72
17/10/2016;2955.27
18/10/2016;3022.58
19/10/2016;3040.14
20/10/2016;3064.64
21/10/2016;3075.32
24/10/2016;3098.22
25/10/2016;3100.49
26/10/2016;3072.16
27/10/2016;3074.23
28/10/2016;3047.26
31/10/2016;3074.59
1/11/2016;2977.05
2/11/2016;2944.21
3/11/2016;2919.11
4/11/2016;2924.16
7/11/2016;3062.68
8/11/2016;3110.02
9/11/2016;2971.43
10/11/2016;2769.6
11/11/2016;2700.84
14/11/2016;2689.72
15/11/2016;2729.11
16/11/2016;2727.89
17/11/2016;2692.33
18/11/2016;2692.21
21/11/2016;2761.17
22/11/2016;2789.16
23/11/2016;2779.77
24/11/2016;2773.16
25/11/2016;2746.55
28/11/2016;2794.5
29/11/2016;2744.04
30/11/2016;2781.5
1/12/2016;2677.84
2/12/2016;2700.5
5/12/2016;2733.29
6/12/2016;2768.09
7/12/2016;2804.02
8/12/2016;2801.92
9/12/2016;2810.25
12/12/2016;2785.88
13/12/2016;2789.98
14/12/2016;2708.58
15/12/2016;2712.59
16/12/2016;2672.76
19/12/2016;2638.1
20/12/2016;2665.15
21/12/2016;2667.75
22/12/2016;2662.79
23/12/2016;2691.56
26/12/2016;2693.14
27/12/2016;2708.99
28/12/2016;2745.13
29/12/2016;2773
30/12/2016;2748.31
2/01/2017;2744.56
3/01/2017;2818.58
4/01/2017;2830.53
5/01/2017;2865.74
6/01/2017;2835.06
9/01/2017;2831.84
10/01/2017;2844.48
11/01/2017;2885.92
12/01/2017;2914.28
13/01/2017;2904.16
16/01/2017;2883.76
17/01/2017;2923.51
18/01/2017;2908.02
19/01/2017;2915.24
20/01/2017;2960.78
23/01/2017;3030.14
24/01/2017;3036.85
25/01/2017;3073.78
26/01/2017;3052.17
27/01/2017;3061.62
30/01/2017;3017.97
31/01/2017;3008.33
1/02/2017;3033.2
2/02/2017;3041.22
3/02/2017;3053.63
6/02/2017;3019.28
7/02/2017;3008.69
8/02/2017;3046.22
9/02/2017;3057.49
10/02/2017;3118.9
13/02/2017;3143.35
14/02/2017;3157.17
15/02/2017;3207.45
16/02/2017;3183.96
17/02/2017;3163.97
20/02/2017;3169.38
21/02/2017;3234.51
22/02/2017;3232.3
23/02/2017;3208.65
24/02/2017;3140.19
27/02/2017;3147.76
28/02/2017;3105.51
1/03/2017;3170.98
2/03/2017;3079.75
3/03/2017;3150.13
6/03/2017;3127.42
7/03/2017;3116.62
8/03/2017;3048.37
9/03/2017;3015.03
10/03/2017;3046.13
13/03/2017;3073.95
14/03/2017;3031.12
15/03/2017;3141.03
16/03/2017;3135.89
17/03/2017;3117.15
20/03/2017;3160.18
21/03/2017;3082.49
22/03/2017;3098.45
23/03/2017;3087.28
24/03/2017;3124.8
27/03/2017;3129.65
28/03/2017;3140.93
29/03/2017;3192.41
30/03/2017;3158.89
31/03/2017;3145.06
3/04/2017;3172.19
4/04/2017;3207.98
5/04/2017;3166.96
6/04/2017;3132.9
7/04/2017;3151.91
10/04/2017;3167.54
11/04/2017;3149.05
12/04/2017;3127.1
13/04/2017;3082.82
17/04/2017;3162.47
18/04/2017;3136.44
19/04/2017;3082.5
20/04/2017;3088.66
21/04/2017;3082.21
24/04/2017;3127.36
25/04/2017;3131.1
26/04/2017;3089.24
27/04/2017;3076.49
28/04/2017;3101.08
1/05/2017;3118.86
2/05/2017;3162.4
3/05/2017;3127.83
4/05/2017;3065.41
5/05/2017;3109.44
8/05/2017;3081.44
9/05/2017;3111.85
10/05/2017;3165.78
11/05/2017;3184.7
12/05/2017;3229.82
15/05/2017;3267.41
16/05/2017;3279.96
17/05/2017;3202.61
18/05/2017;2886.66
19/05/2017;3005.61
22/05/2017;2975.18
23/05/2017;3004.65
24/05/2017;3036.34
25/05/2017;3015.35
26/05/2017;3048.1
29/05/2017;3040.41
30/05/2017;3034.74
31/05/2017;2998.81
1/06/2017;2988.28
2/06/2017;2994.02
5/06/2017;2997.98
6/06/2017;3019.59
7/06/2017;3025.5
8/06/2017;3018.95
9/06/2017;2998.15
12/06/2017;2977.41
13/06/2017;2990.8
14/06/2017;3012.87
15/06/2017;2985.36
16/06/2017;2990.46
19/06/2017;3001.74
20/06/2017;2930.03
21/06/2017;2924.66
22/06/2017;2940.5
23/06/2017;2944.14
26/06/2017;3003.57
27/06/2017;2975.28
28/06/2017;3010.32
29/06/2017;2995.96
30/06/2017;3019.24
3/07/2017;3038.37
4/07/2017;3038.45
5/07/2017;3043.82
6/07/2017;3017.67
7/07/2017;3029.57
10/07/2017;3083.43
11/07/2017;3112.47
12/07/2017;3180.88
13/07/2017;3192.19
14/07/2017;3231.32
17/07/2017;3227.92
18/07/2017;3242.65
19/07/2017;3246.06
20/07/2017;3247.86
21/07/2017;3234.15
24/07/2017;3241.33
25/07/2017;3252.71
26/07/2017;3258.76
27/07/2017;3242.95
28/07/2017;3258.69
31/07/2017;3276.25
1/08/2017;3299.18
2/08/2017;3322.6
3/08/2017;3316.56
4/08/2017;3309.99
7/08/2017;3340.44
8/08/2017;3346.88
9/08/2017;3320.64
10/08/2017;3272.6
11/08/2017;3282.45
14/08/2017;3309.86
15/08/2017;3331.1
16/08/2017;3361.64
17/08/2017;3307.73
18/08/2017;3363.36
21/08/2017;3353.66
22/08/2017;3389.28
23/08/2017;3424.97
24/08/2017;3447.01
25/08/2017;3447.03
28/08/2017;3425.28
29/08/2017;3433.39
30/08/2017;3420.14
31/08/2017;3429.01
1/09/2017;3471.54
4/09/2017;3461.77
5/09/2017;3462.78
6/09/2017;3527.34
7/09/2017;3536.46
8/09/2017;3500.27
11/09/2017;3543.1
12/09/2017;3539.51
13/09/2017;3532.5
14/09/2017;3544.66
15/09/2017;3570.02
18/09/2017;3566.92
19/09/2017;3558.38
20/09/2017;3575.08
21/09/2017;3560.09
22/09/2017;3566.22
25/09/2017;3504.53
26/09/2017;3488.96
27/09/2017;3448.3
28/09/2017;3449.11
29/09/2017;3480.19
2/10/2017;3490.09
3/10/2017;3572.54
4/10/2017;3571.75
5/10/2017;3557
6/10/2017;3524.8
9/10/2017;3481.09
10/10/2017;3514.73
11/10/2017;3526.16
12/10/2017;3511.17
13/10/2017;3548.29
16/10/2017;3531.67
17/10/2017;3536.21
18/10/2017;3531.11
19/10/2017;3523.19
20/10/2017;3504
23/10/2017;3438.25
24/10/2017;3466.01
25/10/2017;3460.66
26/10/2017;3402.03
27/10/2017;3442.67
30/10/2017;3379.63
31/10/2017;3368.15
1/11/2017;3359.36
2/11/2017;3369.75
3/11/2017;3329.6
6/11/2017;3400.27
7/11/2017;3333.66
8/11/2017;3386.14
9/11/2017;3350
10/11/2017;3296.23
13/11/2017;3291.44
14/11/2017;3223.68
15/11/2017;3223.49
16/11/2017;3288.32
17/11/2017;3344.99
20/11/2017;3323.76
21/11/2017;3365.25
22/11/2017;3388.13
23/11/2017;3385.09
24/11/2017;3379.34
27/11/2017;3343.99
28/11/2017;3367.96
29/11/2017;3308.72
30/11/2017;3241.59
1/12/2017;3267.09
4/12/2017;3293.08
5/12/2017;3268.38
6/12/2017;3266.6
7/12/2017;3215.29
8/12/2017;3235.7
11/12/2017;3245.05
12/12/2017;3285.44
13/12/2017;3258.49
14/12/2017;3222.76
15/12/2017;3244.79
18/12/2017;3323.78
19/12/2017;3306.82
20/12/2017;3318.5
21/12/2017;3349.25
22/12/2017;3330.58
26/12/2017;3347.27
27/12/2017;3356.15
28/12/2017;3382.16
29/12/2017;3400.85
2/01/2018;3510.74
3/01/2018;3541.33
4/01/2018;3557.58
5/01/2018;3595.56
8/01/2018;3594.17
9/01/2018;3565.1
10/01/2018;3542.45
11/01/2018;3597.57
12/01/2018;3619.53
15/01/2018;3632.61
16/01/2018;3635.85
17/01/2018;3689.02
18/01/2018;3709.97
19/01/2018;3724.87
22/01/2018;3742.12
23/01/2018;3694.46
24/01/2018;3865.65
25/01/2018;3876.54
26/01/2018;3934.08
29/01/2018;3867.59
30/01/2018;3846.53
31/01/2018;3868.93
1/02/2018;3911.78
2/02/2018;3791
5/02/2018;3688.33
6/02/2018;3764.97
7/02/2018;3676.39
8/02/2018;3576.29
9/02/2018;3608.92
12/02/2018;3641.08
13/02/2018;3647.02
14/02/2018;3761
15/02/2018;3792.94
16/02/2018;3775.51
19/02/2018;3769.3
20/02/2018;3789.73
21/02/2018;3776.88
22/02/2018;3830.89
23/02/2018;3848.91
26/02/2018;3867.95
27/02/2018;3805.52
28/02/2018;3730.24
1/03/2018;3726.8
2/03/2018;3734.39
5/03/2018;3768.29
6/03/2018;3795.29
7/03/2018;3751.12
8/03/2018;3735.81
9/03/2018;3793.15
12/03/2018;3809.98
13/03/2018;3787.71
14/03/2018;3772.54
15/03/2018;3703.8
16/03/2018;3689.08
19/03/2018;3653.54
20/03/2018;3641.87
21/03/2018;3724.36
22/03/2018;3654.75
23/03/2018;3634.35
26/03/2018;3682.04
27/03/2018;3621.91
28/03/2018;3624.15
29/03/2018;3695.87
2/04/2018;3658.05
3/04/2018;3671.04
4/04/2018;3683.8
5/04/2018;3719.12
6/04/2018;3677.7
9/04/2018;3611.42
10/04/2018;3676.89
11/04/2018;3723.01
12/04/2018;3714.39
13/04/2018;3674.68
16/04/2018;3630.98
17/04/2018;3679.92
18/04/2018;3758.4
19/04/2018;3731.31
20/04/2018;3698.19
23/04/2018;3647.33
24/04/2018;3638.9
25/04/2018;3602.49
26/04/2018;3653.16
27/04/2018;3674.27
30/04/2018;3628.6
1/05/2018;3590
2/05/2018;3520.23
3/05/2018;3481.03
4/05/2018;3471.55
7/05/2018;3433.01
8/05/2018;3421.64
9/05/2018;3442.75
10/05/2018;3543.86
11/05/2018;3499.71
14/05/2018;3484.55
15/05/2018;3451.02
16/05/2018;3476.37
17/05/2018;3375.91
18/05/2018;3320.14
21/05/2018;3309.76
22/05/2018;3360.96
23/05/2018;3330.88
24/05/2018;3265.55
25/05/2018;3218.02
28/05/2018;3190.27
29/05/2018;3091.8
30/05/2018;3112.75
31/05/2018;3104.26
1/06/2018;3096.67
4/06/2018;3149.06
5/06/2018;3060.69
6/06/2018;3047.11
7/06/2018;2945.84
8/06/2018;3029.7
11/06/2018;3004.74
12/06/2018;3017.61
13/06/2018;2997.4
14/06/2018;2945.49
15/06/2018;2942.77
18/06/2018;2920.34
19/06/2018;2945.25
20/06/2018;2963.96
21/06/2018;2908.06
22/06/2018;2934.4
25/06/2018;2938.16
26/06/2018;2943.23
27/06/2018;2882.77
28/06/2018;2943.5
29/06/2018;2961.4
2/07/2018;2926.08
3/07/2018;2993.08
4/07/2018;2998.43
5/07/2018;3027.28
6/07/2018;3076.28
9/07/2018;3096.03
10/07/2018;3118.51
11/07/2018;3055.39
12/07/2018;3091.36
13/07/2018;3121.7
16/07/2018;3119.81
17/07/2018;3163.18
18/07/2018;3154.54
19/07/2018;3123.89
20/07/2018;3199.95
23/07/2018;3193.25
24/07/2018;3257.6
25/07/2018;3323.49
26/07/2018;3283.73
27/07/2018;3313.98
30/07/2018;3329.65
31/07/2018;3289.93
1/08/2018;3266.89
2/08/2018;3263.08
3/08/2018;3340.41
6/08/2018;3315.87
7/08/2018;3298.81
8/08/2018;3269.88
9/08/2018;3211.76
10/08/2018;3098.2
13/08/2018;3087.85
14/08/2018;3144.52
15/08/2018;3058.79
16/08/2018;3050.41
17/08/2018;3039.69
20/08/2018;3025.86
21/08/2018;2989.93
22/08/2018;3036.79
23/08/2018;2964.58
24/08/2018;2992.05
27/08/2018;3060.77
28/08/2018;3009.85
29/08/2018;3043.15
30/08/2018;2955.19
31/08/2018;2994.93
3/09/2018;2976.07
4/09/2018;2872.15
5/09/2018;2883.38
6/09/2018;2927.9
7/09/2018;2954.9
10/09/2018;2933.94
11/09/2018;2878.01
12/09/2018;2927.55
13/09/2018;2930.57
14/09/2018;2952.39
17/09/2018;2995.89
18/09/2018;3034.19
19/09/2018;3050.25
20/09/2018;3082.03
21/09/2018;3119.52
24/09/2018;3062.65
25/09/2018;3084.6
26/09/2018;3105.19
27/09/2018;3155.09
28/09/2018;3123.08
1/10/2018;3130.9
2/10/2018;3223.18
3/10/2018;3269.3
4/10/2018;3238.79
5/10/2018;3242.6
8/10/2018;3377.14
9/10/2018;3412.78
10/10/2018;3293.6
11/10/2018;3261.28
12/10/2018;3309.26
15/10/2018;3318.5
16/10/2018;3403.52
17/10/2018;3412.06
18/10/2018;3299.06
19/10/2018;3309.89
22/10/2018;3341.54
23/10/2018;3310.25
24/10/2018;3201.64
25/10/2018;3263.77
26/10/2018;3329.63
29/10/2018;3187.13
30/10/2018;3272.23
31/10/2018;3273.35
1/11/2018;3363.88
2/11/2018;3378.61
5/11/2018;3408.87
6/11/2018;3367.33
7/11/2018;3362.22
8/11/2018;3239.51
9/11/2018;3235.5
12/11/2018;3182.3
13/11/2018;3115.52
14/11/2018;3156.87
15/11/2018;3196.23
16/11/2018;3262.65
19/11/2018;3236.64
20/11/2018;3143.29
21/11/2018;3181.51
22/11/2018;3174.9
23/11/2018;3113.37
26/11/2018;3007.24
27/11/2018;3094.58
28/11/2018;3172.4
29/11/2018;3196.69
30/11/2018;3185.91
3/12/2018;3221.89
4/12/2018;3165.34
5/12/2018;3165.21
6/12/2018;3162.27
7/12/2018;3125.73
10/12/2018;3046.44
11/12/2018;3055.04
12/12/2018;3091.19
13/12/2018;3108.11
14/12/2018;3077.76
17/12/2018;3031.87
18/12/2018;3044.71
19/12/2018;3019.37
20/12/2018;3045.98
21/12/2018;3007.04
24/12/2018;2977.19
26/12/2018;3022.28
27/12/2018;3051.24
28/12/2018;3075.14
31/12/2018;3092.73
2/01/2019;3233.81
3/01/2019;3232.48
4/01/2019;3319.85
7/01/2019;3312.95
8/01/2019;3356.09
9/01/2019;3426.18
10/01/2019;3429.61
11/01/2019;3417.64
14/01/2019;3442.32
15/01/2019;3422.9
16/01/2019;3429.95
17/01/2019;3452.03
18/01/2019;3465.64
21/01/2019;3458.37
22/01/2019;3391.5
23/01/2019;3449.95
24/01/2019;3458.7
25/01/2019;3458.12
28/01/2019;3388.29
29/01/2019;3428.66
30/01/2019;3480.76
31/01/2019;3540.76
1/02/2019;3545.56
4/02/2019;3556.97
5/02/2019;3559.49
6/02/2019;3441.99
7/02/2019;3411.45
8/02/2019;3410.22
11/02/2019;3370.27
12/02/2019;3450.1
13/02/2019;3397.74
14/02/2019;3479.8
15/02/2019;3498.71
18/02/2019;3486.13
19/02/2019;3494.69
20/02/2019;3479.73
21/02/2019;3476.22
22/02/2019;3491.83
25/02/2019;3473.55
26/02/2019;3479.8
27/02/2019;3471.56
28/02/2019;3387.65
1/03/2019;3344.47
4/03/2019;3342.32
5/03/2019;3349.24
6/03/2019;3287.1
7/03/2019;3263.8
8/03/2019;3280.54
11/03/2019;3385.93
12/03/2019;3394.08
13/03/2019;3433.92
14/03/2019;3401.04
15/03/2019;3441.89
18/03/2019;3496.51
19/03/2019;3496.58
20/03/2019;3495.68
21/03/2019;3442.6
22/03/2019;3269.34
25/03/2019;3298.16
26/03/2019;3335.01
27/03/2019;3209.82
28/03/2019;3273.76
29/03/2019;3304.79
1/04/2019;3362.13
2/04/2019;3346.5
3/04/2019;3316.7
4/04/2019;3389.72
5/04/2019;3427.39
8/04/2019;3469.79
9/04/2019;3440.08
10/04/2019;3451.62
11/04/2019;3390.8
12/04/2019;3323.15
15/04/2019;3321.81
16/04/2019;3343.03
17/04/2019;3319.08
18/04/2019;3348.02
22/04/2019;3336.85
23/04/2019;3358.28
24/04/2019;3292.2
25/04/2019;3330.44
26/04/2019;3339.64
29/04/2019;3328.95
30/04/2019;3330.26
1/05/2019;3293.06
2/05/2019;3271.17
3/05/2019;3298.01
6/05/2019;3251.91
7/05/2019;3211.42
8/05/2019;3244.87
9/05/2019;3202.02
10/05/2019;3209.66
13/05/2019;3114.53
14/05/2019;3133.39
15/05/2019;3105.63
16/05/2019;3053.29
17/05/2019;3011.26
20/05/2019;3047.38
21/05/2019;3126.48
22/05/2019;3126.54
23/05/2019;3107.25
24/05/2019;3116.52
27/05/2019;3115.01
28/05/2019;3132.7
29/05/2019;3192.85
30/05/2019;3218.85
31/05/2019;3208.38
3/06/2019;3232.87
4/06/2019;3277.28
5/06/2019;3226.09
6/06/2019;3253.05
7/06/2019;3275.4
10/06/2019;3282.02
11/06/2019;3345.46
12/06/2019;3312.02
13/06/2019;3325.82
14/06/2019;3268.16
17/06/2019;3253.83
18/06/2019;3329.82
19/06/2019;3361.6
20/06/2019;3407.22
21/06/2019;3421.05
24/06/2019;3437.96
25/06/2019;3381.38
26/06/2019;3402.28
27/06/2019;3387.71
28/06/2019;3385.93
1/07/2019;3405.78
2/07/2019;3373.36
3/07/2019;3406.44
4/07/2019;3420.15
5/07/2019;3461.84
8/07/2019;3481.79
9/07/2019;3462.69
10/07/2019;3510.2
11/07/2019;3507.19
12/07/2019;3491.85
15/07/2019;3481.1
16/07/2019;3466.13
17/07/2019;3457.84
18/07/2019;3479.48
19/07/2019;3440.73
22/07/2019;3448.2
23/07/2019;3420.44
24/07/2019;3432.77
25/07/2019;3379.98
26/07/2019;3378.42
29/07/2019;3392.88
30/07/2019;3355.2
31/07/2019;3306.41
1/08/2019;3259.87
2/08/2019;3228.34
5/08/2019;3104.15
6/08/2019;3154.82
7/08/2019;3180.13
8/08/2019;3247.47
9/08/2019;3223.57
12/08/2019;3126.98
13/08/2019;3170.45
14/08/2019;3036.48
15/08/2019;3037.17
16/08/2019;3045.67
19/08/2019;3005.81
20/08/2019;3017.22
21/08/2019;3072.73
22/08/2019;3027.87
23/08/2019;2940.02
26/08/2019;2908.28
27/08/2019;2927.51
28/08/2019;2945.21
29/08/2019;3002.86
30/08/2019;3054.15
2/09/2019;3027.43
3/09/2019;2986.9
4/09/2019;3074.82
5/09/2019;3120.19
6/09/2019;3164.18
9/09/2019;3176.39
10/09/2019;3178.12
11/09/2019;3195.4
12/09/2019;3220.22
13/09/2019;3197.59
16/09/2019;3203.09
17/09/2019;3238.81
18/09/2019;3213.29
19/09/2019;3170.04
20/09/2019;3179.44
23/09/2019;3166.16
24/09/2019;3134.54
25/09/2019;3157.2
26/09/2019;3168.92
27/09/2019;3167.73
30/09/2019;3146.5
1/10/2019;3121.89
2/10/2019;3057.01
3/10/2019;3093.78
4/10/2019;3163.52
7/10/2019;3092.79
8/10/2019;3065.84
9/10/2019;3095.57
10/10/2019;3120.07
11/10/2019;3193.35
14/10/2019;3185.38
15/10/2019;3171.11
16/10/2019;3195.09
17/10/2019;3185.1
18/10/2019;3203.66
21/10/2019;3205.86
22/10/2019;3271.36
23/10/2019;3310.86
24/10/2019;3310.34
25/10/2019;3330.23
28/10/2019;3364.63
29/10/2019;3340.46
30/10/2019;3343.54
31/10/2019;3296.4
1/11/2019;3338.79
4/11/2019;3339.9
5/11/2019;3345.78
6/11/2019;3290.2
7/11/2019;3318.68
8/11/2019;3235.19
11/11/2019;3241.97
12/11/2019;3175.83
13/11/2019;3142.15
14/11/2019;3137.87
15/11/2019;3203.67
18/11/2019;3156.92
19/11/2019;3144.76
20/11/2019;3134.9
21/11/2019;3168.53
22/11/2019;3197.74
25/11/2019;3174.01
26/11/2019;3113.09
27/11/2019;3121.01
28/11/2019;3134.02
29/11/2019;3119.54
2/12/2019;3134.83
3/12/2019;3127.92
4/12/2019;3181.29
5/12/2019;3211.41
6/12/2019;3238.41
9/12/2019;3244.65
10/12/2019;3238.57
11/12/2019;3271.81
12/12/2019;3323.56
13/12/2019;3334.34
16/12/2019;3345.96
17/12/2019;3365.61
18/12/2019;3413.35
19/12/2019;3415.56
20/12/2019;3383.45
23/12/2019;3401.08
24/12/2019;3401
26/12/2019;3443.57
27/12/2019;3418.39
30/12/2019;3396.46
31/12/2019;3396.41
2/01/2020;3481.75
3/01/2020;3448.6
6/01/2020;3425.94
7/01/2020;3408.33
8/01/2020;3403.62
9/01/2020;3373.93
10/01/2020;3360.9
13/01/2020;3370.48
14/01/2020;3370.18
15/01/2020;3305.9
16/01/2020;3324.57
17/01/2020;3380.43
20/01/2020;3378.18
21/01/2020;3290.87
22/01/2020;3325.98
23/01/2020;3348.69
24/01/2020;3313.77
27/01/2020;3195.18
28/01/2020;3251.16
29/01/2020;3213.82
30/01/2020;3205.54
31/01/2020;3133.64
3/02/2020;3172.34
4/02/2020;3223.62
5/02/2020;3242.18
6/02/2020;3205.35
7/02/2020;3165.19
10/02/2020;3151.09
11/02/2020;3204.43
12/02/2020;3224.08
13/02/2020;3195.25
14/02/2020;3197.56
17/02/2020;3196.53
18/02/2020;3164.25
19/02/2020;3193.14
20/02/2020;3143.53
21/02/2020;3104.88
24/02/2020;2991.51
25/02/2020;2940.14
26/02/2020;2865.66
27/02/2020;2778.99
28/02/2020;2773.97
2/03/2020;2862.73
3/03/2020;2827.35
4/03/2020;2869.57
5/03/2020;2742.46
6/03/2020;2621.47
9/03/2020;2259.11
10/03/2020;2425.73
11/03/2020;2236.03
12/03/2020;1955.07
13/03/2020;2161.51
16/03/2020;1876.81
17/03/2020;1905.99
18/03/2020;1691.21
19/03/2020;1730.78
20/03/2020;1672.78
23/03/2020;1555.75
24/03/2020;1719.62
25/03/2020;1847.41
26/03/2020;1918.73
27/03/2020;1788.92
30/03/2020;1796.61
31/03/2020;1808.19
1/04/2020;1726.48
2/04/2020;1761.13
3/04/2020;1698.66
6/04/2020;1804.75
7/04/2020;1854.03
8/04/2020;1918.18
9/04/2020;1933.48
13/04/2020;1923.26
14/04/2020;1940.1
15/04/2020;1871.96
16/04/2020;1835.35
17/04/2020;1887.42
20/04/2020;1839.65
21/04/2020;1786.8
22/04/2020;1812.29
23/04/2020;1784.1
24/04/2020;1697.16
27/04/2020;1756.02
28/04/2020;1859.42
29/04/2020;1970.85
30/04/2020;1894.83
1/05/2020;1840.03
4/05/2020;1840.22
5/05/2020;1849.08
6/05/2020;1813.4
7/05/2020;1791.72
8/05/2020;1873.49
11/05/2020;1831.22
12/05/2020;1784.36
13/05/2020;1744.56
14/05/2020;1781.3
15/05/2020;1757.74
18/05/2020;1878.1
19/05/2020;1836.71
20/05/2020;1880.07
21/05/2020;1918.98
22/05/2020;1912.99
25/05/2020;1939.8
26/05/2020;2004.82
27/05/2020;2071.16
28/05/2020;2022.95
29/05/2020;2022.87
1/06/2020;2068.19
2/06/2020;2173.45
3/06/2020;2265.62
4/06/2020;2276.12
5/06/2020;2378.22
8/06/2020;2478.85
9/06/2020;2416.18
10/06/2020;2341.69
11/06/2020;2193.66
12/06/2020;2250.49
15/06/2020;2214.28
16/06/2020;2226.17
17/06/2020;2234.65
18/06/2020;2193.44
19/06/2020;2214.71
22/06/2020;2207.9
23/06/2020;2251.75
24/06/2020;2168.47
25/06/2020;2196.58
26/06/2020;2116.55
29/06/2020;2158.7
30/06/2020;2145.2
1/07/2020;2194.7
2/07/2020;2218.19
3/07/2020;2227.18
6/07/2020;2262.31
7/07/2020;2225.97
8/07/2020;2269.9
9/07/2020;2234.66
10/07/2020;2255.62
13/07/2020;2224.16
14/07/2020;2276.69
15/07/2020;2290.1
16/07/2020;2267.59
17/07/2020;2269.44
20/07/2020;2303.39
21/07/2020;2357.45
22/07/2020;2402.5
23/07/2020;2339.15
24/07/2020;2345.03
27/07/2020;2422.51
28/07/2020;2406.47
29/07/2020;2426.39
30/07/2020;2398.71
31/07/2020;2331.97
3/08/2020;2299.73
4/08/2020;2280.29
5/08/2020;2314.09
6/08/2020;2318.57
7/08/2020;2275.26
10/08/2020;2274.74
11/08/2020;2276.69
12/08/2020;2278.53
13/08/2020;2277.88
14/08/2020;2275.08
17/08/2020;2237.63
18/08/2020;2282.98
19/08/2020;2252.2
20/08/2020;2246.66
21/08/2020;2220.37
24/08/2020;2240.99
25/08/2020;2256.18
26/08/2020;2207.45
27/08/2020;2210.4
28/08/2020;2281.87
31/08/2020;2198.36
1/09/2020;2281.69
2/09/2020;2278.65
3/09/2020;2273.43
4/09/2020;2280.74
7/09/2020;2282.18
8/09/2020;2219.21
9/09/2020;2265.7
10/09/2020;2217.2
11/09/2020;2226.41
14/09/2020;2278.11
15/09/2020;2273.2
16/09/2020;2278.79
17/09/2020;2285.82
18/09/2020;2211.77
21/09/2020;2163.57
22/09/2020;2146.05
23/09/2020;2064.26
24/09/2020;2118.32
25/09/2020;2104.51
28/09/2020;2072.17
29/09/2020;2043.28
30/09/2020;2085.82
1/10/2020;2073.64
2/10/2020;2063.75
5/10/2020;2126.26
6/10/2020;2105.18
7/10/2020;2111.36
8/10/2020;2182.55
9/10/2020;2209.8
12/10/2020;2205.98
13/10/2020;2193.3
14/10/2020;2195.6
15/10/2020;2178.9
16/10/2020;2162.8
19/10/2020;2175.16
20/10/2020;2223.83
21/10/2020;2239.07
22/10/2020;2275.01
23/10/2020;2267.02
26/10/2020;2245.95
27/10/2020;2202.45
28/10/2020;2101.16
29/10/2020;2112.95
30/10/2020;2087.08
2/11/2020;2098.71
3/11/2020;2134.91
4/11/2020;2172.61
5/11/2020;2284.71
6/11/2020;2335.77
9/11/2020;2423.19
10/11/2020;2463.42
11/11/2020;2469.24
12/11/2020;2395.73
13/11/2020;2445.25
16/11/2020;2495.93
17/11/2020;2561.72
18/11/2020;2540.44
19/11/2020;2560.59
20/11/2020;2527.1
23/11/2020;2554.55
24/11/2020;2649.22
25/11/2020;2659.97
26/11/2020;2661.53
27/11/2020;2647.11
30/11/2020;2598.37
1/12/2020;2724.96
2/12/2020;2747.49
3/12/2020;2787.5
4/12/2020;2831.03
7/12/2020;2822.85
8/12/2020;2820.61
9/12/2020;2789.45
10/12/2020;2894.28
11/12/2020;2876.37
14/12/2020;2843.79
15/12/2020;2895.27
16/12/2020;2934.25
17/12/2020;2964.91
18/12/2020;2939.98
21/12/2020;2877.23
22/12/2020;2870.01
23/12/2020;2895.68
24/12/2020;2900.22
28/12/2020;2902.95
29/12/2020;2934.36
30/12/2020;2939.76
31/12/2020;2924.59
4/01/2021;2917.09
5/01/2021;2952.91
6/01/2021;2980.45
7/01/2021;3013.36
8/01/2021;3041.42
11/01/2021;2973.96
12/01/2021;3036.57
13/01/2021;2988.83
14/01/2021;3065.78
15/01/2021;2945.95
18/01/2021;2974.79
19/01/2021;2947.96
20/01/2021;2946.58
21/01/2021;2892.27
22/01/2021;2829.8
25/01/2021;2804.15
26/01/2021;2826.92
27/01/2021;2759.61
28/01/2021;2808.16
29/01/2021;2700.78
1/02/2021;2758.64
2/02/2021;2815.69
3/02/2021;2835.25
4/02/2021;2816.24
5/02/2021;2871.09
8/02/2021;2871.8
9/02/2021;2887.19
10/02/2021;2879.69
11/02/2021;2881.19
12/02/2021;2895.05
15/02/2021;2895.13
16/02/2021;2923.01
17/02/2021;2913.97
18/02/2021;2871.18
19/02/2021;2878.97
22/02/2021;2726.74
23/02/2021;2799.03
24/02/2021;2818.56
25/02/2021;2691.46
26/02/2021;2639.01
1/03/2021;2664.61
2/03/2021;2696.43
3/03/2021;2690.27
4/03/2021;2663.54
5/03/2021;2694.21
8/03/2021;2591.33
9/03/2021;2629.32
10/03/2021;2706.06
11/03/2021;2797.09
12/03/2021;2760.46
15/03/2021;2745.14
16/03/2021;2730.83
17/03/2021;2769.02
18/03/2021;2735.29
19/03/2021;2762.34
22/03/2021;2742.67
23/03/2021;2681.04
24/03/2021;2640.96
25/03/2021;2655.01
26/03/2021;2670.34
29/03/2021;2667.41
30/03/2021;2696.54
31/03/2021;2722.58
1/04/2021;2696.81
5/04/2021;2753.95
6/04/2021;2772.11
7/04/2021;2761.67
8/04/2021;2806.84
9/04/2021;2759.04
12/04/2021;2748.32
13/04/2021;2759.61
14/04/2021;2808.97
15/04/2021;2831.56
16/04/2021;2849.32
19/04/2021;2844
20/04/2021;2815.03
21/04/2021;2825.26
22/04/2021;2832.22
23/04/2021;2842.05
26/04/2021;2864.41
27/04/2021;2840.83
28/04/2021;2894.07
29/04/2021;2867.3
30/04/2021;2786.64
3/05/2021;2803.52
4/05/2021;2777.48
5/05/2021;2829.81
6/05/2021;2887.93
7/05/2021;2951.82
10/05/2021;2969.81
11/05/2021;2981.11
12/05/2021;2882.47
13/05/2021;2894.18
14/05/2021;2952.65
17/05/2021;2952.19
18/05/2021;2961.53
19/05/2021;2910.18
20/05/2021;2930.55
21/05/2021;2901.21
24/05/2021;2912.29
25/05/2021;2871.64
26/05/2021;2912.12
27/05/2021;2950
28/05/2021;3011.39
31/05/2021;3025.21
1/06/2021;3088.72
2/06/2021;3153.78
3/06/2021;3125.53
4/06/2021;3170.26
7/06/2021;3181.86
8/06/2021;3163.69
9/06/2021;3149.29
10/06/2021;3149.93
11/06/2021;3136.38
14/06/2021;3155.29
15/06/2021;3152.1
16/06/2021;3113.68
17/06/2021;3087.67
18/06/2021;3074.02
21/06/2021;3114.15
22/06/2021;3135.46
23/06/2021;3146.09
24/06/2021;3200.18
25/06/2021;3153.26
28/06/2021;3149.07
29/06/2021;3149.8
30/06/2021;3127.19
1/07/2021;3071.43
2/07/2021;3108.34
5/07/2021;3100.7
6/07/2021;2991.3
7/07/2021;3002.06
8/07/2021;2956.9
9/07/2021;2995.34
12/07/2021;3029.11
13/07/2021;3017.25
14/07/2021;3051
15/07/2021;3031.25
16/07/2021;2999.55
19/07/2021;2905.87
20/07/2021;2942.78
21/07/2021;2991.26
22/07/2021;2983.42
23/07/2021;2968.03
26/07/2021;3009.01
27/07/2021;2988.62
28/07/2021;3057.7
29/07/2021;3078.25
30/07/2021;2940.3
2/08/2021;2954.43
3/08/2021;2983.26
4/08/2021;2943.29
5/08/2021;2948.18
6/08/2021;2950.91
9/08/2021;2942.19
10/08/2021;2960.03
11/08/2021;2971.41
12/08/2021;2933.58
13/08/2021;2952.38
16/08/2021;2897.62
17/08/2021;2862.63
18/08/2021;2812.2
19/08/2021;2764.29
20/08/2021;2778.37
23/08/2021;2796.09
24/08/2021;2881.03
25/08/2021;2908.81
26/08/2021;2853.46
27/08/2021;2923.59
30/08/2021;2913
31/08/2021;2914.43
1/09/2021;2902.88
2/09/2021;2857.87
3/09/2021;2852.03
6/09/2021;2868.2
7/09/2021;2855.54
8/09/2021;2732.09
9/09/2021;2773.33
10/09/2021;2766.98
13/09/2021;2801.91
14/09/2021;2779.69
15/09/2021;2780.91
16/09/2021;2747.21
17/09/2021;2689.33
20/09/2021;2611.48
21/09/2021;2642.12
22/09/2021;2691.07
23/09/2021;2681.53
24/09/2021;2644.83
27/09/2021;2654.26
28/09/2021;2567.02
29/09/2021;2572.54
30/09/2021;2569.75
1/10/2021;2623.09
4/10/2021;2567.47
5/10/2021;2557.69
6/10/2021;2553.76
7/10/2021;2554.23
8/10/2021;2562
11/10/2021;2543.11
12/10/2021;2552.1
13/10/2021;2573.98
14/10/2021;2576.65
15/10/2021;2642.84
18/10/2021;2620.98
19/10/2021;2560.19
20/10/2021;2581.08
21/10/2021;2505.01
22/10/2021;2489.33
25/10/2021;2558.01
26/10/2021;2536.79
27/10/2021;2501.71
28/10/2021;2480.66
29/10/2021;2420.98
1/11/2021;2449.17
2/11/2021;2423.04
3/11/2021;2450.6
4/11/2021;2405.78
5/11/2021;2436.81
8/11/2021;2450.6
9/11/2021;2468.13
10/11/2021;2451.6
11/11/2021;2501.02
12/11/2021;2478.37
15/11/2021;2471.09
16/11/2021;2424.24
17/11/2021;2375
18/11/2021;2332.45
19/11/2021;2328.15
22/11/2021;2338.09
23/11/2021;2365.9
24/11/2021;2369.57
25/11/2021;2369.18
26/11/2021;2301.89
29/11/2021;2311.9
30/11/2021;2297.81
1/12/2021;2271.83
2/12/2021;2338.38
3/12/2021;2323.02
6/12/2021;2351.97
7/12/2021;2398.13
8/12/2021;2420.52
9/12/2021;2386.04
10/12/2021;2393.64
13/12/2021;2346.73
14/12/2021;2332.89
15/12/2021;2345.15
16/12/2021;2385.37
17/12/2021;2378.94
20/12/2021;2305.13
21/12/2021;2322.44
22/12/2021;2343.74
23/12/2021;2350.68
24/12/2021;2354.5
27/12/2021;2380.7
28/12/2021;2366.73
29/12/2021;2337.85
30/12/2021;2387.4
31/12/2021;2382.58
3/01/2022;2367.51
4/01/2022;2355.86
5/01/2022;2321.57
6/01/2022;2349.11
7/01/2022;2395.56
10/01/2022;2367.65
11/01/2022;2439.07
12/01/2022;2499.04
13/01/2022;2502.58
14/01/2022;2524.07
17/01/2022;2525.06
18/01/2022;2499.23
19/01/2022;2536.08
20/01/2022;2540.54
21/01/2022;2522.73
24/01/2022;2486.07
25/01/2022;2532.71
26/01/2022;2548.1
27/01/2022;2557.45
28/01/2022;2551.68
31/01/2022;2583.88
1/02/2022;2636.92
2/02/2022;2609.15
3/02/2022;2571.24
4/02/2022;2580.09
7/02/2022;2601.87
8/02/2022;2625.51
9/02/2022;2645.3
10/02/2022;2660.33
11/02/2022;2688
14/02/2022;2679.05
15/02/2022;2719
16/02/2022;2751.59
17/02/2022;2673.31
18/02/2022;2670.97
21/02/2022;2659.29
22/02/2022;2697.89
23/02/2022;2700.29
24/02/2022;2639.71
25/02/2022;2694.74
28/02/2022;2723.51
1/03/2022;2725.44
2/03/2022;2763.56
3/03/2022;2809.01
4/03/2022;2781.16
7/03/2022;2697.53
8/03/2022;2718.92
9/03/2022;2770.47
10/03/2022;2769.49
11/03/2022;2725.97
14/03/2022;2658.78
15/03/2022;2630.66
16/03/2022;2699.15
17/03/2022;2771.16
18/03/2022;2837.51
21/03/2022;2899.52
22/03/2022;2917.34
23/03/2022;2953.86
24/03/2022;3001.99
25/03/2022;3020.28
28/03/2022;2998.36
29/03/2022;3040.92
30/03/2022;3035.7
31/03/2022;3051.86
1/04/2022;3117.6
4/04/2022;3130.4
5/04/2022;3038.3
6/04/2022;3007.44
7/04/2022;3014.65
8/04/2022;2999.33
11/04/2022;2987.27
12/04/2022;2971.61
13/04/2022;2988.21
14/04/2022;2920.91
18/04/2022;2930.94
19/04/2022;2916.93
20/04/2022;2912.76
21/04/2022;2834.17
22/04/2022;2739.05
25/04/2022;2683.48
26/04/2022;2590.63
27/04/2022;2619.29
28/04/2022;2640.42
29/04/2022;2598.84
2/05/2022;2540.14
3/05/2022;2574.16
4/05/2022;2639.19
5/05/2022;2536.5
6/05/2022;2512.72
9/05/2022;2420.44
10/05/2022;2429.23
11/05/2022;2462.68
12/05/2022;2483.66
13/05/2022;2549.54
16/05/2022;2586.49
17/05/2022;2655.4
18/05/2022;2581.23
19/05/2022;2641.55
20/05/2022;2689.09
23/05/2022;2758.09
24/05/2022;2709.8
25/05/2022;2723.58
26/05/2022;2777.01
27/05/2022;2807.33
30/05/2022;2794.79
31/05/2022;2770.63
1/06/2022;2750.39
2/06/2022;2781.02
3/06/2022;2765.55
6/06/2022;2735.33
7/06/2022;2719.58
8/06/2022;2664.81
9/06/2022;2595.17
10/06/2022;2527.43
13/06/2022;2420.86
14/06/2022;2406.41
15/06/2022;2455.53
16/06/2022;2378.38
17/06/2022;2350.22
20/06/2022;2344.76
21/06/2022;2356.63
22/06/2022;2321.51
23/06/2022;2266.26
24/06/2022;2294.44
27/06/2022;2349.85
28/06/2022;2335.06
29/06/2022;2331.77
30/06/2022;2290.75
1/07/2022;2277.39
4/07/2022;2276.66
5/07/2022;2232.33
6/07/2022;2214.16
7/07/2022;2280.16
8/07/2022;2289.8
11/07/2022;2209.95
12/07/2022;2191.2
13/07/2022;2205.82
14/07/2022;2133.95
15/07/2022;2177.75
18/07/2022;2190.88
19/07/2022;2224.1
20/07/2022;2209.44
21/07/2022;2217.02
22/07/2022;2207.75
25/07/2022;2276.85
26/07/2022;2266.87
27/07/2022;2320.34
28/07/2022;2383.26
29/07/2022;2392.4
1/08/2022;2360.81
2/08/2022;2332.29
3/08/2022;2338.75
4/08/2022;2385.79
5/08/2022;2413.87
8/08/2022;2489.71
9/08/2022;2494.19
10/08/2022;2551.81
11/08/2022;2540.3
12/08/2022;2542.73
15/08/2022;2542.73
16/08/2022;2531.63
17/08/2022;2514.71
18/08/2022;2496.43
19/08/2022;2439.86
22/08/2022;2431.66
23/08/2022;2507.1
24/08/2022;2498.46
25/08/2022;2522.27
26/08/2022;2508.85
29/08/2022;2509.94
30/08/2022;2438.34
31/08/2022;2387.15
1/09/2022;2386.77
2/09/2022;2433.85
5/09/2022;2442.56
6/09/2022;2390.67
7/09/2022;2409.14
8/09/2022;2421.84
9/09/2022;2492.15
12/09/2022;2536.44
13/09/2022;2443.24
14/09/2022;2446.52
15/09/2022;2413.17
16/09/2022;2396.67
19/09/2022;2472.06
20/09/2022;2482.71
21/09/2022;2460.64
22/09/2022;2499.15
23/09/2022;2386.37
26/09/2022;2293.74
27/09/2022;2298.26
28/09/2022;2323.81
29/09/2022;2297.05
30/09/2022;2325.34
3/10/2022;2504.74
4/10/2022;2529.95
5/10/2022;2533.88
6/10/2022;2536.34
7/10/2022;2506.73
10/10/2022;2495.84
11/10/2022;2457.15
12/10/2022;2434.06
13/10/2022;2455.47
14/10/2022;2389.4
17/10/2022;2433.79
18/10/2022;2476.3
19/10/2022;2480.03
20/10/2022;2520.65
21/10/2022;2610.35
24/10/2022;2484.19
25/10/2022;2487.09
26/10/2022;2461.09
27/10/2022;2491.92
28/10/2022;2481.76
31/10/2022;2531.4
1/11/2022;2581.25
2/11/2022;2534.64
3/11/2022;2568.55
4/11/2022;2636.75
7/11/2022;2555.73
8/11/2022;2585.74
9/11/2022;2508.17
10/11/2022;2430.69
11/11/2022;2492.85
14/11/2022;2505.24
15/11/2022;2510.1
16/11/2022;2438.75
17/11/2022;2414.45
18/11/2022;2410.06
21/11/2022;2434.94
22/11/2022;2393.65
23/11/2022;2404.77
24/11/2022;2426.51
25/11/2022;2398.13
28/11/2022;2387.92
29/11/2022;2446.43
30/11/2022;2529.38
1/12/2022;2502.19
2/12/2022;2500.55
5/12/2022;2421.14
6/12/2022;2445.73
7/12/2022;2430.8
8/12/2022;2407.51
9/12/2022;2392.3
12/12/2022;2338.11
13/12/2022;2317.89
14/12/2022;2302.41
15/12/2022;2277.73
16/12/2022;2270.68
19/12/2022;2307.18
20/12/2022;2364.24
21/12/2022;2386.05
22/12/2022;2387.09
23/12/2022;2439.56
26/12/2022;2424.22
27/12/2022;2384.93
28/12/2022;2400.89
29/12/2022;2391.43
30/12/2022;2378.74
2/01/2023;2359.26
3/01/2023;2265.58
4/01/2023;2303.46
5/01/2023;2370.45
6/01/2023;2444.07
9/01/2023;2447.53
10/01/2023;2492.33
11/01/2023;2540.22
12/01/2023;2576.98
13/01/2023;2573.23
16/01/2023;2557.71
17/01/2023;2571.46
18/01/2023;2550.51
19/01/2023;2560.77
20/01/2023;2562.06
23/01/2023;2573.07
24/01/2023;2611.47
25/01/2023;2647.79
26/01/2023;2658.64
27/01/2023;2610.46
30/01/2023;2600.18
31/01/2023;2631.96
1/02/2023;2627.41
2/02/2023;2577.7
3/02/2023;2518.77
6/02/2023;2506.55
7/02/2023;2485.26
8/02/2023;2512.45
9/02/2023;2470.57
10/02/2023;2484.05
13/02/2023;2525.61
14/02/2023;2509.35
15/02/2023;2535.2
16/02/2023;2552.71
17/02/2023;2545.77
20/02/2023;2543.91
21/02/2023;2516.59
22/02/2023;2505.61
23/02/2023;2527.74
24/02/2023;2463.89
27/02/2023;2473.43
28/02/2023;2458.83
1/03/2023;2503.93
2/03/2023;2466.74
3/03/2023;2500.06
6/03/2023;2513.16
7/03/2023;2466.55
8/03/2023;2527.13
9/03/2023;2484.38
10/03/2023;2428.45
13/03/2023;2386.61
14/03/2023;2385.78
15/03/2023;2328.35
16/03/2023;2371.93
17/03/2023;2327.57
20/03/2023;2323.49
21/03/2023;2355.04
22/03/2023;2341.07
23/03/2023;2301
24/03/2023;2318.27
27/03/2023;2351.46
28/03/2023;2391.59
29/03/2023;2433.99
30/03/2023;2472.05
31/03/2023;2454.8
3/04/2023;2446
4/04/2023;2432.54
5/04/2023;2415.91
6/04/2023;2407.62
10/04/2023;2432.83
11/04/2023;2531.39
12/04/2023;2558.48
13/04/2023;2569.88
14/04/2023;2573.98
17/04/2023;2569.73
18/04/2023;2571.65
19/04/2023;2499.38
20/04/2023;2507.98
21/04/2023;2479.53
24/04/2023;2499.16
25/04/2023;2470.26
26/04/2023;2453.12
27/04/2023;2491.11
28/04/2023;2492.53
1/05/2023;2484.49
2/05/2023;2435.49
3/05/2023;2445.6
4/05/2023;2443.78
5/05/2023;2524.96
8/05/2023;2530.48
9/05/2023;2559.37
10/05/2023;2576.45
11/05/2023;2572.67
12/05/2023;2585.29
15/05/2023;2618.89
16/05/2023;2583.06
17/05/2023;2600.15
18/05/2023;2590.27
19/05/2023;2570.98
22/05/2023;2551.83
23/05/2023;2544.77
24/05/2023;2547.54
25/05/2023;2543.11
26/05/2023;2576.27
29/05/2023;2571.26
30/05/2023;2518.91
31/05/2023;2487.24
1/06/2023;2550.27
2/06/2023;2611.19
5/06/2023;2629.55
6/06/2023;2681.24
7/06/2023;2695.29
8/06/2023;2704.54
9/06/2023;2746.35
12/06/2023;2742.8
13/06/2023;2733.87
14/06/2023;2794.65
15/06/2023;2804.58
16/06/2023;2793.55
19/06/2023;2807.11
20/06/2023;2797.03
21/06/2023;2825.25
22/06/2023;2789.07
23/06/2023;2763.63
26/06/2023;2770.05
27/06/2023;2772.19
28/06/2023;2731.97
29/06/2023;2758.05
30/06/2023;2763.44
3/07/2023;2801.94
4/07/2023;2785.57
5/07/2023;2774.81
6/07/2023;2695.78
7/07/2023;2751.94
10/07/2023;2730.42
11/07/2023;2745.19
12/07/2023;2765.08
13/07/2023;2807.34
14/07/2023;2777.97
17/07/2023;2784.38
18/07/2023;2784.36
19/07/2023;2793.09
20/07/2023;2789.89
21/07/2023;2824.36
24/07/2023;2855.76
25/07/2023;2879.34
26/07/2023;2897.11
27/07/2023;2841.94
28/07/2023;2865.45
31/07/2023;2894.13
1/08/2023;2840.76
2/08/2023;2800.89
3/08/2023;2759.72
4/08/2023;2761.45
7/08/2023;2753.72
8/08/2023;2740.15
9/08/2023;2741.83
10/08/2023;2739.78
11/08/2023;2710.43
14/08/2023;2666.72
15/08/2023;2647.41
16/08/2023;2645.26
17/08/2023;2621.99
18/08/2023;2632.76
21/08/2023;2623.8
22/08/2023;2651.5
23/08/2023;2726.87
24/08/2023;2681.15
25/08/2023;2669.7
28/08/2023;2694.09
29/08/2023;2730.62
30/08/2023;2714.52
31/08/2023;2632.9
1/09/2023;2676.74
4/09/2023;2667.98
5/09/2023;2626.55
6/09/2023;2607.27
7/09/2023;2571.6
8/09/2023;2580.25
11/09/2023;2635.29
12/09/2023;2633.73
13/09/2023;2651.52
14/09/2023;2690.95
15/09/2023;2675.31
18/09/2023;2678.98
19/09/2023;2676.33
20/09/2023;2684.01
21/09/2023;2606.53
22/09/2023;2601.36
25/09/2023;2576.49
26/09/2023;2532.03
27/09/2023;2526.61
28/09/2023;2560.48
29/09/2023;2576.98
2/10/2023;2532.51
3/10/2023;2452.34
4/10/2023;2460.25
5/10/2023;2435.81
6/10/2023;2464.29
9/10/2023;2471.54
10/10/2023;2540.19
11/10/2023;2557.55
12/10/2023;2525.38
13/10/2023;2512.49
16/10/2023;2557.73
17/10/2023;2551.7
18/10/2023;2506.85
19/10/2023;2502.58
20/10/2023;2481.55
23/10/2023;2466.55
24/10/2023;2494.03
25/10/2023;2479.27
26/10/2023;2518.47
27/10/2023;2504.08
30/10/2023;2495.86
31/10/2023;2497.24
1/11/2023;2560.41
2/11/2023;2602.56
3/11/2023;2666.09
6/11/2023;2662.98
7/11/2023;2668.93
8/11/2023;2641.84
9/11/2023;2623.34
10/11/2023;2669.72
13/11/2023;2658.79
14/11/2023;2761.26
15/11/2023;2758.59
16/11/2023;2759.33
17/11/2023;2769.36
20/11/2023;2810.49
21/11/2023;2785.92
22/11/2023;2764.82
23/11/2023;2775.35
24/11/2023;2765.74
27/11/2023;2740.11
28/11/2023;2773.51
29/11/2023;2757.63
30/11/2023;2780.12
1/12/2023;2822.28
4/12/2023;2761.19
5/12/2023;2773.29
6/12/2023;2761.81
7/12/2023;2770.94
8/12/2023;2790.34
11/12/2023;2779.63
12/12/2023;2764.46
13/12/2023;2844.84
14/12/2023;2898.02
15/12/2023;2881.51
18/12/2023;2922.84
19/12/2023;2948.21
20/12/2023;2891.3
21/12/2023;2941.45
22/12/2023;2948.04
26/12/2023;2990.18
27/12/2023;2993.3
28/12/2023;2978.86
29/12/2023;2970.09
2/01/2024;2927.91
3/01/2024;2915.36
4/01/2024;2893.73
5/01/2024;2935.06
8/01/2024;2941.82
9/01/2024;2885.55
10/01/2024;2886.54
11/01/2024;2900.26
12/01/2024;2913.57
15/01/2024;2913.38
16/01/2024;2846.41
17/01/2024;2824.93
18/01/2024;2819.72
19/01/2024;2831.65
22/01/2024;2784
23/01/2024;2823.16
24/01/2024;2826.01
25/01/2024;2853.49
26/01/2024;2883.82
29/01/2024;2867.35
30/01/2024;2852.51
31/01/2024;2842.45
1/02/2024;2894.23
2/02/2024;2865.27
5/02/2024;2860.8
6/02/2024;2919.99
7/02/2024;2908.61
8/02/2024;2857.08
9/02/2024;2866.56
12/02/2024;2882.11
13/02/2024;2840.76
14/02/2024;2862.83
15/02/2024;2884.46
16/02/2024;2899.78
19/02/2024;2909.93
20/02/2024;2922.02
21/02/2024;2920.06
22/02/2024;2906.12
23/02/2024;2872.11
26/02/2024;2877.63
27/02/2024;2927.62
28/02/2024;2873.79
29/02/2024;2864.79
1/03/2024;2880.93
4/03/2024;2865.84
5/03/2024;2851.69
6/03/2024;2877.93
7/03/2024;2881.73
8/03/2024;2821.44
11/03/2024;2819.89
12/03/2024;2830.35
13/03/2024;2861.66
14/03/2024;2848.71
15/03/2024;2840.01
18/03/2024;2834.88
19/03/2024;2818.17
20/03/2024;2891.74
21/03/2024;2872.25
22/03/2024;2846.94
25/03/2024;2847.46
26/03/2024;2857.25
27/03/2024;2875.23
28/03/2024;2877.81
1/04/2024;2849.69
2/04/2024;2868.38
3/04/2024;2872.2
4/04/2024;2864.32
5/04/2024;2865.55
8/04/2024;2910.81
9/04/2024;2923.87
10/04/2024;2865.98
11/04/2024;2862.33
12/04/2024;2802.52
15/04/2024;2761.48
16/04/2024;2708.29
17/04/2024;2717.38
18/04/2024;2711.35
19/04/2024;2742.28
22/04/2024;2767.25
23/04/2024;2783.3
24/04/2024;2762.17
25/04/2024;2759.64
26/04/2024;2803.51
29/04/2024;2830.74
30/04/2024;2764.23
1/05/2024;2770.97
2/05/2024;2807
3/05/2024;2830.95
6/05/2024;2850.16
7/05/2024;2868
8/05/2024;2868.96
9/05/2024;2858.68
10/05/2024;2848.83
13/05/2024;2855.66
14/05/2024;2856.76
15/05/2024;2848.21
16/05/2024;2838.16
17/05/2024;2851.39
20/05/2024;2849.37
21/05/2024;2832.14
22/05/2024;2780.81
23/05/2024;2757.94
24/05/2024;2753.18
27/05/2024;2756.73
28/05/2024;2760.63
29/05/2024;2709.32
30/05/2024;2719.16
31/05/2024;2705.74
3/06/2024;2623.54
4/06/2024;2609.84
5/06/2024;2636.67
6/06/2024;2655.22
7/06/2024;2561.65
10/06/2024;2555.73
11/06/2024;2542.24
12/06/2024;2504.36
13/06/2024;2495.1
14/06/2024;2487.19
17/06/2024;2486.08
18/06/2024;2505.64
19/06/2024;2512.03
20/06/2024;2523.1
21/06/2024;2534.02
24/06/2024;2549.97
25/06/2024;2539.08
26/06/2024;2523.23
27/06/2024;2528.67
28/06/2024;2523.54
1/07/2024;2511.7
2/07/2024;2508.75
3/07/2024;2565.2
4/07/2024;2576.72
5/07/2024;2587.33
8/07/2024;2603.01
9/07/2024;2637.23
10/07/2024;2664.25
11/07/2024;2672.32
12/07/2024;2699.91
15/07/2024;2681.01
16/07/2024;2694.61
17/07/2024;2662.77
18/07/2024;2594.97
19/07/2024;2604.34
22/07/2024;2611.11
23/07/2024;2578.34
24/07/2024;2535.6
25/07/2024;2523.1
26/07/2024;2535.97
29/07/2024;2518.13
30/07/2024;2495.86
31/07/2024;2525.56
1/08/2024;2466.77
2/08/2024;2420.53
5/08/2024;2381.52
6/08/2024;2433.25
7/08/2024;2464.09
8/08/2024;2518.21
9/08/2024;2561.9
12/08/2024;2572.07
13/08/2024;2611.91
14/08/2024;2626.07
15/08/2024;2663.45
16/08/2024;2669.2
19/08/2024;2708.51
20/08/2024;2677.05
21/08/2024;2671.47
22/08/2024;2608.11
23/08/2024;2651.12
26/08/2024;2668.71
27/08/2024;2641.29
28/08/2024;2627.67
29/08/2024;2603.83
30/08/2024;2615.7
2/09/2024;2616.04
3/09/2024;2572.06
4/09/2024;2577.7
5/09/2024;2596.46
6/09/2024;2549.5
9/09/2024;2566.56
10/09/2024;2523.4
11/09/2024;2556.06
12/09/2024;2584.72
13/09/2024;2618.26
16/09/2024;2634.54
17/09/2024;2641.92
18/09/2024;2633.46
19/09/2024;2644.69
20/09/2024;2576.05
23/09/2024;2581.92
24/09/2024;2646.81
25/09/2024;2624.15
26/09/2024;2647.5
27/09/2024;2639.13
30/09/2024;2612.26
1/10/2024;2617.16
2/10/2024;2632.54
3/10/2024;2600.66
4/10/2024;2630.31
7/10/2024;2616.06
8/10/2024;2590.91
9/10/2024;2558.38
10/10/2024;2579.38
11/10/2024;2583.66
14/10/2024;2606.23
15/10/2024;2562.1
16/10/2024;2563.33
17/10/2024;2553.69
18/10/2024;2556.68
21/10/2024;2547.78
22/10/2024;2544.86
23/10/2024;2541.98
24/10/2024;2555.65
25/10/2024;2543.11
28/10/2024;2563.7
29/10/2024;2530.72
30/10/2024;2512.16
31/10/2024;2482.47
1/11/2024;2438.44
4/11/2024;2480.74
5/11/2024;2497.77
6/11/2024;2524.48
7/11/2024;2548.4
8/11/2024;2495.47
11/11/2024;2488.34
12/11/2024;2471.74
13/11/2024;2455.78
14/11/2024;2444.6
15/11/2024;2429.84
18/11/2024;2441.91
19/11/2024;2433.89
20/11/2024;2428.04
21/11/2024;2408.42
22/11/2024;2436.39
25/11/2024;2439.63
26/11/2024;2420.72
27/11/2024;2372.47
28/11/2024;2365.56
29/11/2024;2328.18
2/12/2024;2317.19
3/12/2024;2327.36
4/12/2024;2336.15
5/12/2024;2368.14
6/12/2024;2329.74
9/12/2024;2356.64
10/12/2024;2361.59
11/12/2024;2398.16
12/12/2024;2349.72
13/12/2024;2320.17
16/12/2024;2276.92
17/12/2024;2280.58
18/12/2024;2179.31
19/12/2024;2187.98
20/12/2024;2216.39
23/12/2024;2186.66
24/12/2024;2194.04
26/12/2024;2199.7
27/12/2024;2173.27
30/12/2024;2163.32
31/12/2024;2163.92
2/01/2025;2185.4
3/01/2025;2153.9
6/01/2025;2199.88
7/01/2025;2224.31
8/01/2025;2204.98
9/01/2025;2210.99
10/01/2025;2181.96
13/01/2025;2192.57
14/01/2025;2207.79
15/01/2025;2262.81
16/01/2025;2230.95
17/01/2025;2238.76
20/01/2025;2258.33
21/01/2025;2269.78
22/01/2025;2297.32
23/01/2025;2310.35
24/01/2025;2322.63
27/01/2025;2330.61
28/01/2025;2338.52
29/01/2025;2336.48
30/01/2025;2388.03
31/01/2025;2370.49
3/02/2025;2376.48
4/02/2025;2401.76
5/02/2025;2392.39
6/02/2025;2437.08
7/02/2025;2410.24
10/02/2025;2428.87
11/02/2025;2444.58
12/02/2025;2421.78
13/02/2025;2438.53
14/02/2025;2486.21
17/02/2025;2490.3
18/02/2025;2497.37
19/02/2025;2463.68
20/02/2025;2480.21
21/02/2025;2408.55
24/02/2025;2386.34
25/02/2025;2390.95
26/02/2025;2379.84
27/02/2025;2347.52
28/02/2025;2298.92
3/03/2025;2286.64
4/03/2025;2286.69
5/03/2025;2342.3
6/03/2025;2344.78
7/03/2025;2361.82
10/03/2025;2297.38
11/03/2025;2307.52
12/03/2025;2326.29
13/03/2025;2343.21
14/03/2025;2432.92
17/03/2025;2475.69
18/03/2025;2476.87
19/03/2025;2495.85
20/03/2025;2471.9
21/03/2025;2470.8
24/03/2025;2455.5
25/03/2025;2480.8
26/03/2025;2460.26
27/03/2025;2466.98
28/03/2025;2429.43
31/03/2025;2406.22
1/04/2025;2440.93
2/04/2025;2448.23
3/04/2025;2453.38
4/04/2025;2294.6
7/04/2025;2227.14
8/04/2025;2177.3
9/04/2025;2330.16
10/04/2025;2255.64
11/04/2025;2298.75
14/04/2025;2340.02
15/04/2025;2337.88
16/04/2025;2345.32
17/04/2025;2383.75
21/04/2025;2384.47
22/04/2025;2444.63
23/04/2025;2475.9
24/04/2025;2521.21
25/04/2025;2530.65
28/04/2025;2549.44
29/04/2025;2548.27
30/04/2025;2529.66
1/05/2025;2523.42
2/05/2025;2522.93
5/05/2025;2493.86
6/05/2025;2517.04
7/05/2025;2512.07
8/05/2025;2557.27
9/05/2025;2578.58
12/05/2025;2578.53
13/05/2025;2640.68
14/05/2025;2645.42
15/05/2025;2631.31
16/05/2025;2623.99
19/05/2025;2638.56
20/05/2025;2631.81
21/05/2025;2597.38
22/05/2025;2589.68
23/05/2025;2602.71
26/05/2025;2599.56
27/05/2025;2619.31
28/05/2025;2599.53
29/05/2025;2600.63
30/05/2025;2554.48
2/06/2025;2567.88
3/06/2025;2578.93
4/06/2025;2560.51
5/06/2025;2575.32
6/06/2025;2584.58
9/06/2025;2574.85
10/06/2025;2588.16
11/06/2025;2625.01
12/06/2025;2617.09
13/06/2025;2608.21
16/06/2025;2642.67
17/06/2025;2618.36
18/06/2025;2622.24
19/06/2025;2614.38
20/06/2025;2592.58
23/06/2025;2585.46
24/06/2025;2631.38
25/06/2025;2611.91
26/06/2025;2657.77
27/06/2025;2657.01
30/06/2025;2694.58
1/07/2025;2701.08
2/07/2025;2727.94
3/07/2025;2739.99
4/07/2025;2741.39
7/07/2025;2695.2
8/07/2025;2708.14
9/07/2025;2669.65
10/07/2025;2639.33
11/07/2025;2621.56
14/07/2025;2597.4
15/07/2025;2600.94
16/07/2025;2613.36
17/07/2025;2628.42
18/07/2025;2577.85
21/07/2025;2588.28
22/07/2025;2590.91
23/07/2025;2639.18
24/07/2025;2627.58
25/07/2025;2616.48
28/07/2025;2573.4
29/07/2025;2599.74
30/07/2025;2582.1
31/07/2025;2563.84
1/08/2025;2553.89
4/08/2025;2572.27
5/08/2025;2590.51
6/08/2025;2613.5
7/08/2025;2666.61
8/08/2025;2658.01
11/08/2025;2648.54
12/08/2025;2696.8
13/08/2025;2684.56
14/08/2025;2653.4
15/08/2025;2686.1
18/08/2025;2692.06
19/08/2025;2637.6
20/08/2025;2648.47
21/08/2025;2661.02
22/08/2025;2737.36
25/08/2025;2727.04
26/08/2025;2715.37
27/08/2025;2741.35
28/08/2025;2770.74
29/08/2025;2770.04
1/09/2025;2768.9
2/09/2025;2760.02
3/09/2025;2756.91
4/09/2025;2770.29
5/09/2025;2801.75
8/09/2025;2802.69
9/09/2025;2800.26
10/09/2025;2822.97
11/09/2025;2859.93
12/09/2025;2857.8
15/09/2025;2904.55
16/09/2025;2919.6
17/09/2025;2927.97
18/09/2025;2906
19/09/2025;2911.26
22/09/2025;2923.12
23/09/2025;2957.33
24/09/2025;2941.02
25/09/2025;2908.21
26/09/2025;2920.8
29/09/2025;2945.34
30/09/2025;2951.5
1/10/2025;2905.87
2/10/2025;2893.79
3/10/2025;2902.44
6/10/2025;2877.42
7/10/2025;2839.9
8/10/2025;2873.25
9/10/2025;2858.54
10/10/2025;2785.96
13/10/2025;2833.94
14/10/2025;2826.5
15/10/2025;2858.51
16/10/2025;2868.97
17/10/2025;2884.62
20/10/2025;2916.62
21/10/2025;2880.55
22/10/2025;2894.55
23/10/2025;2933.15
24/10/2025;2922.76
27/10/2025;2954.34
28/10/2025;2979.82
29/10/2025;3012.82
30/10/2025;2999.83
31/10/2025;3003.67
3/11/2025;3020.24
4/11/2025;2985.42
5/11/2025;3054.6
6/11/2025;3050.45
7/11/2025;3084.87
10/11/2025;3107.5
11/11/2025;3176.04
12/11/2025;3145.09
13/11/2025;3103.6
14/11/2025;3111.85
17/11/2025;3087.59
18/11/2025;3070.9
19/11/2025;3070.06
20/11/2025;3029.45
21/11/2025;3036.63
24/11/2025;3054.47
25/11/2025;3094.79
26/11/2025;3154.18
27/11/2025;3142.49
28/11/2025;3172.24
1/12/2025;3163.56
2/12/2025;3209.63
3/12/2025;3216.12
4/12/2025;3255.46
5/12/2025;3126.05
8/12/2025;3127.62
9/12/2025;3135.99
10/12/2025;3129.59
11/12/2025;3171.63
12/12/2025;3173.29
15/12/2025;3178.81
16/12/2025;3100.62
17/12/2025;3058.3
18/12/2025;3093.49
19/12/2025;3087.72
22/12/2025;3100.71
23/12/2025;3148.06
24/12/2025;3150.33
26/12/2025;3152.09
29/12/2025;3122.18
30/12/2025;3145.52
31/12/2025;3133.49
